SaleItemID,SaleID,ProductID,Quantity,UnitPrice
1,1,5,1,44.9
2,1,7,1,39.9
3,2,19,1,149.9
4,2,15,1,54.9
5,2,16,1,64.9
6,3,5,1,44.9
7,3,6,1,89.9
8,4,6,1,89.9
9,4,18,1,12.9
10,4,19,2,149.9
11,4,16,1,64.9
12,5,5,2,44.9
13,6,2,1,49.9
14,7,16,2,64.9
15,7,13,1,54.9
16,7,20,3,18.9
17,7,6,1,89.9
18,8,19,2,149.9
19,8,20,3,18.9
20,8,6,2,89.9
21,8,15,1,54.9
22,9,3,1,79.9
23,9,12,1,24.9
24,9,20,1,18.9
25,10,4,3,14.9
26,10,7,1,39.9
27,11,12,1,24.9
28,12,1,1,29.9
29,12,19,1,149.9
30,12,14,1,21.9
31,12,6,3,89.9
32,13,16,1,64.9
33,14,2,1,49.9
34,14,8,1,19.9
35,15,11,1,32.9
36,15,2,1,49.9
37,15,9,1,24.9
38,15,15,2,54.9
39,16,19,1,149.9
40,17,7,1,39.9
41,17,16,1,64.9
42,17,13,1,54.9
43,17,18,1,12.9
44,18,14,1,21.9
45,18,11,1,32.9
46,18,5,1,44.9
47,18,12,1,24.9
48,19,3,1,79.9
49,19,11,1,32.9
50,19,17,2,6.9
51,19,4,1,14.9
52,20,12,1,24.9
53,20,3,2,79.9
54,21,3,1,79.9
55,22,11,2,32.9
56,23,5,1,44.9
57,24,11,1,32.9
58,24,4,1,14.9
59,24,19,1,149.9
60,24,2,1,49.9
61,25,3,1,79.9
62,26,7,1,39.9
63,26,2,1,49.9
64,27,16,1,64.9
65,27,7,1,39.9
66,28,16,1,64.9
67,28,10,1,99.9
68,29,15,1,54.9
69,30,3,1,79.9
70,31,9,2,24.9
71,31,5,1,44.9
72,32,4,1,14.9
73,32,3,2,79.9
74,33,6,1,89.9
75,33,13,1,54.9
76,34,17,1,6.9
77,34,10,1,99.9
78,34,7,1,39.9
79,34,14,1,21.9
80,35,10,1,99.9
81,35,6,1,89.9
82,35,3,2,79.9
83,36,20,2,18.9
84,37,3,1,79.9
85,37,15,2,54.9
86,37,1,2,29.9
87,37,20,1,18.9
88,38,19,1,149.9
89,39,15,1,54.9
90,39,12,1,24.9
91,39,16,1,64.9
92,40,8,1,19.9
93,40,19,1,149.9
94,41,15,1,54.9
95,41,20,2,18.9
96,41,11,1,32.9
97,41,13,1,54.9
98,42,14,1,21.9
99,42,1,2,29.9
100,42,5,1,44.9
101,42,11,1,32.9
102,43,6,1,89.9
103,43,5,1,44.9
104,43,20,1,18.9
105,43,7,1,39.9
106,44,16,1,64.9
107,45,18,1,12.9
108,45,9,1,24.9
109,45,8,1,19.9
110,46,6,3,89.9
111,46,16,1,64.9
112,46,2,1,49.9
113,46,12,1,24.9
114,47,5,2,44.9
115,47,8,2,19.9
116,47,17,1,6.9
117,48,10,1,99.9
118,49,10,1,99.9
119,49,14,1,21.9
120,49,4,1,14.9
121,50,5,1,44.9
122,50,12,1,24.9
123,50,16,1,64.9
124,51,11,2,32.9
125,51,8,2,19.9
126,52,9,1,24.9
127,52,18,2,12.9
128,52,11,3,32.9
129,52,19,2,149.9
130,53,19,2,149.9
131,53,8,1,19.9
132,54,1,1,29.9
133,54,11,1,32.9
134,54,17,1,6.9
135,54,4,1,14.9
136,55,20,1,18.9
137,55,9,1,24.9
138,55,3,2,79.9
139,55,15,1,54.9
140,56,2,1,49.9
141,56,16,1,64.9
142,56,8,1,19.9
143,57,18,1,12.9
144,57,5,1,44.9
145,57,9,2,24.9
146,57,11,1,32.9
147,58,20,1,18.9
148,58,4,1,14.9
149,59,17,1,6.9
150,59,20,2,18.9
151,60,1,1,29.9
152,60,10,1,99.9
153,60,9,1,24.9
154,60,7,2,39.9
155,61,12,1,24.9
156,62,15,1,54.9
157,62,13,1,54.9
158,63,4,1,14.9
159,63,9,1,24.9
160,63,15,1,54.9
161,64,19,1,149.9
162,64,5,1,44.9
163,65,11,1,32.9
164,66,5,1,44.9
165,66,11,1,32.9
166,66,13,1,54.9
167,67,6,1,89.9
168,67,11,2,32.9
169,67,2,1,49.9
170,67,10,1,99.9
171,68,16,2,64.9
172,68,3,1,79.9
173,69,17,1,6.9
174,70,3,3,79.9
175,70,12,1,24.9
176,71,11,1,32.9
177,71,3,1,79.9
178,71,16,1,64.9
179,71,13,1,54.9
180,72,18,2,12.9
181,72,3,1,79.9
182,73,9,1,24.9
183,74,18,1,12.9
184,75,16,1,64.9
185,75,2,2,49.9
186,76,5,1,44.9
187,76,17,1,6.9
188,77,1,1,29.9
189,77,17,1,6.9
190,77,10,1,99.9
191,77,16,1,64.9
192,78,19,1,149.9
193,78,2,1,49.9
194,79,12,1,24.9
195,80,17,1,6.9
196,80,6,1,89.9
197,80,13,2,54.9
198,81,9,1,24.9
199,81,18,1,12.9
200,81,12,1,24.9
201,82,11,2,32.9
202,82,7,1,39.9
203,82,20,1,18.9
204,83,1,1,29.9
205,83,15,1,54.9
206,83,17,1,6.9
207,83,13,1,54.9
208,84,7,1,39.9
209,84,19,1,149.9
210,85,19,1,149.9
211,85,10,1,99.9
212,86,19,1,149.9
213,86,9,1,24.9
214,87,7,2,39.9
215,88,7,1,39.9
216,88,16,1,64.9
217,88,13,1,54.9
218,89,16,1,64.9
219,89,20,1,18.9
220,90,3,2,79.9
221,90,4,2,14.9
222,91,1,2,29.9
223,92,10,1,99.9
224,93,4,1,14.9
225,93,2,1,49.9
226,94,12,1,24.9
227,94,3,1,79.9
228,94,9,1,24.9
229,94,14,1,21.9
230,95,9,2,24.9
231,95,15,2,54.9
232,96,4,2,14.9
233,96,1,2,29.9
234,97,1,1,29.9
235,97,4,1,14.9
236,98,9,1,24.9
237,98,1,1,29.9
238,98,16,1,64.9
239,99,13,1,54.9
240,99,1,1,29.9
241,99,2,1,49.9
242,99,16,1,64.9
243,100,3,3,79.9
244,101,10,2,99.9
245,101,16,1,64.9
246,101,7,1,39.9
247,102,8,2,19.9
248,102,15,3,54.9
249,103,19,2,149.9
250,104,18,1,12.9
251,104,16,1,64.9
252,104,8,1,19.9
253,104,2,2,49.9
254,105,12,1,24.9
255,105,20,1,18.9
256,106,12,1,24.9
257,106,14,1,21.9
258,106,6,3,89.9
259,107,5,1,44.9
260,107,16,3,64.9
261,107,18,1,12.9
262,108,5,1,44.9
263,108,11,1,32.9
264,108,12,1,24.9
265,109,2,1,49.9
266,109,11,2,32.9
267,110,20,1,18.9
268,110,11,2,32.9
269,111,19,3,149.9
270,111,5,2,44.9
271,112,3,1,79.9
272,112,14,1,21.9
273,112,4,1,14.9
274,112,17,1,6.9
275,113,8,1,19.9
276,113,11,1,32.9
277,114,18,1,12.9
278,114,13,1,54.9
279,114,17,1,6.9
280,115,4,2,14.9
281,115,8,2,19.9
282,115,15,1,54.9
283,115,5,1,44.9
284,116,16,1,64.9
285,117,10,1,99.9
286,118,10,3,99.9
287,118,7,1,39.9
288,118,18,1,12.9
289,118,4,1,14.9
290,119,6,1,89.9
291,119,3,1,79.9
292,120,14,2,21.9
293,121,1,1,29.9
294,121,10,1,99.9
295,121,11,1,32.9
296,121,13,2,54.9
297,122,16,3,64.9
298,123,11,1,32.9
299,123,12,2,24.9
300,123,1,1,29.9
301,123,9,1,24.9
302,124,14,1,21.9
303,125,16,1,64.9
304,125,1,1,29.9
305,125,13,2,54.9
306,126,9,1,24.9
307,126,18,2,12.9
308,126,3,1,79.9
309,126,19,1,149.9
310,127,11,1,32.9
311,127,8,1,19.9
312,127,16,1,64.9
313,127,2,1,49.9
314,128,4,2,14.9
315,128,1,1,29.9
316,128,5,1,44.9
317,128,19,1,149.9
318,129,18,1,12.9
319,129,2,1,49.9
320,129,9,2,24.9
321,129,4,1,14.9
322,130,2,1,49.9
323,130,10,1,99.9
324,131,3,1,79.9
325,131,7,1,39.9
326,132,6,1,89.9
327,132,13,1,54.9
328,132,2,1,49.9
329,132,10,2,99.9
330,133,15,1,54.9
331,133,4,1,14.9
332,134,15,1,54.9
333,135,1,1,29.9
334,135,17,1,6.9
335,135,12,1,24.9
336,135,4,1,14.9
337,136,3,1,79.9
338,137,16,2,64.9
339,137,13,2,54.9
340,137,17,2,6.9
341,138,1,1,29.9
342,139,7,1,39.9
343,139,15,1,54.9
344,140,16,1,64.9
345,140,3,1,79.9
346,140,6,1,89.9
347,141,5,1,44.9
348,141,10,1,99.9
349,142,12,1,24.9
350,143,4,1,14.9
351,144,19,1,149.9
352,144,17,2,6.9
353,144,1,1,29.9
354,145,16,1,64.9
355,145,7,1,39.9
356,146,7,1,39.9
357,146,4,1,14.9
358,146,6,2,89.9
359,146,13,1,54.9
360,147,17,2,6.9
361,147,5,1,44.9
362,148,19,1,149.9
363,149,12,1,24.9
364,149,8,1,19.9
365,149,9,2,24.9
366,149,14,2,21.9
367,150,7,1,39.9
368,151,13,1,54.9
369,151,15,1,54.9
370,151,8,1,19.9
371,152,6,1,89.9
372,152,8,1,19.9
373,152,17,1,6.9
374,152,10,1,99.9
375,153,5,2,44.9
376,154,12,1,24.9
377,155,15,2,54.9
378,155,11,1,32.9
379,155,10,2,99.9
380,156,17,1,6.9
381,156,16,1,64.9
382,156,13,1,54.9
383,156,5,1,44.9
384,157,9,1,24.9
385,158,10,1,99.9
386,158,17,2,6.9
387,158,8,2,19.9
388,159,12,1,24.9
389,159,10,1,99.9
390,160,9,2,24.9
391,160,20,2,18.9
392,160,14,1,21.9
393,160,7,2,39.9
394,161,7,1,39.9
395,161,12,1,24.9
396,161,18,1,12.9
397,162,4,1,14.9
398,162,10,1,99.9
399,163,6,1,89.9
400,163,16,1,64.9
401,163,12,1,24.9
402,164,18,1,12.9
403,164,11,1,32.9
404,164,5,3,44.9
405,164,9,2,24.9
406,165,1,2,29.9
407,165,3,1,79.9
408,165,7,3,39.9
409,165,9,1,24.9
410,166,17,1,6.9
411,166,19,1,149.9
412,166,14,1,21.9
413,167,20,1,18.9
414,167,4,1,14.9
415,167,16,1,64.9
416,167,14,1,21.9
417,168,2,2,49.9
418,169,4,1,14.9
419,169,18,2,12.9
420,169,19,2,149.9
421,170,7,1,39.9
422,170,2,3,49.9
423,170,19,1,149.9
424,170,1,1,29.9
425,171,8,1,19.9
426,171,20,1,18.9
427,172,18,1,12.9
428,172,12,1,24.9
429,172,8,1,19.9
430,173,6,1,89.9
431,173,13,1,54.9
432,174,3,1,79.9
433,174,19,3,149.9
434,175,16,1,64.9
435,175,4,1,14.9
436,175,19,1,149.9
437,176,6,1,89.9
438,176,8,1,19.9
439,177,14,1,21.9
440,177,19,1,149.9
441,177,13,2,54.9
442,178,15,2,54.9
443,178,20,2,18.9
444,178,5,1,44.9
445,178,13,2,54.9
446,179,16,2,64.9
447,179,14,1,21.9
448,180,1,1,29.9
449,180,16,2,64.9
450,180,17,1,6.9
451,181,5,1,44.9
452,181,3,1,79.9
453,181,13,1,54.9
454,182,13,1,54.9
455,182,9,2,24.9
456,182,8,1,19.9
457,183,1,1,29.9
458,183,19,2,149.9
459,183,8,1,19.9
460,183,3,1,79.9
461,184,1,2,29.9
462,184,16,1,64.9
463,184,14,1,21.9
464,184,15,1,54.9
465,185,9,1,24.9
466,185,16,2,64.9
467,185,6,1,89.9
468,186,2,1,49.9
469,186,13,2,54.9
470,187,6,1,89.9
471,188,9,1,24.9
472,189,15,1,54.9
473,189,5,1,44.9
474,189,10,2,99.9
475,190,8,1,19.9
476,190,14,1,21.9
477,191,3,1,79.9
478,191,2,2,49.9
479,192,10,1,99.9
480,192,18,1,12.9
481,193,8,2,19.9
482,193,1,1,29.9
483,194,3,2,79.9
484,195,6,2,89.9
485,195,18,1,12.9
486,195,4,1,14.9
487,196,5,2,44.9
488,196,18,1,12.9
489,197,11,2,32.9
490,198,17,1,6.9
491,198,1,1,29.9
492,198,20,1,18.9
493,199,16,1,64.9
494,200,8,1,19.9
495,200,12,1,24.9
496,201,15,1,54.9
497,201,6,1,89.9
498,202,20,1,18.9
499,202,2,1,49.9
500,203,10,1,99.9
501,204,13,2,54.9
502,204,18,1,12.9
503,204,19,1,149.9
504,204,20,1,18.9
505,205,9,1,24.9
506,205,17,1,6.9
507,205,14,2,21.9
508,205,6,1,89.9
509,206,10,1,99.9
510,206,4,1,14.9
511,206,14,1,21.9
512,207,7,2,39.9
513,207,1,2,29.9
514,207,20,1,18.9
515,207,14,1,21.9
516,208,10,1,99.9
517,208,13,1,54.9
518,209,15,1,54.9
519,209,9,1,24.9
520,210,12,1,24.9
521,210,7,1,39.9
522,210,15,2,54.9
523,210,5,2,44.9
524,211,10,1,99.9
525,212,15,1,54.9
526,212,13,1,54.9
527,212,14,2,21.9
528,213,2,1,49.9
529,213,16,1,64.9
530,213,3,1,79.9
531,213,12,1,24.9
532,214,5,1,44.9
533,215,2,1,49.9
534,215,1,1,29.9
535,215,17,1,6.9
536,216,11,1,32.9
537,216,15,1,54.9
538,216,12,1,24.9
539,216,20,1,18.9
540,217,16,1,64.9
541,217,14,1,21.9
542,217,17,1,6.9
543,217,2,1,49.9
544,218,13,1,54.9
545,218,11,1,32.9
546,219,5,1,44.9
547,219,20,1,18.9
548,219,7,1,39.9
549,220,2,1,49.9
550,221,7,1,39.9
551,221,14,1,21.9
552,222,14,1,21.9
553,222,18,3,12.9
554,223,1,1,29.9
555,223,3,1,79.9
556,224,3,2,79.9
557,224,8,1,19.9
558,224,15,1,54.9
559,224,6,1,89.9
560,225,20,3,18.9
561,225,12,1,24.9
562,225,16,1,64.9
563,226,11,1,32.9
564,226,17,2,6.9
565,226,5,1,44.9
566,227,20,2,18.9
567,227,8,1,19.9
568,227,19,1,149.9
569,228,16,3,64.9
570,228,13,1,54.9
571,228,2,2,49.9
572,229,5,1,44.9
573,230,8,2,19.9
574,230,15,2,54.9
575,231,14,1,21.9
576,231,13,1,54.9
577,231,20,1,18.9
578,232,3,1,79.9
579,232,11,1,32.9
580,232,2,1,49.9
581,232,14,3,21.9
582,233,12,1,24.9
583,233,4,2,14.9
584,233,10,1,99.9
585,234,19,2,149.9
586,234,7,1,39.9
587,234,13,1,54.9
588,234,14,1,21.9
589,235,20,1,18.9
590,235,11,2,32.9
591,236,3,1,79.9
592,237,5,1,44.9
593,238,3,1,79.9
594,238,5,1,44.9
595,238,2,1,49.9
596,238,1,2,29.9
597,239,19,1,149.9
598,239,3,1,79.9
599,239,2,1,49.9
600,240,2,1,49.9
601,241,6,2,89.9
602,241,13,1,54.9
603,242,19,1,149.9
604,242,10,1,99.9
605,242,17,1,6.9
606,243,20,1,18.9
607,243,9,1,24.9
608,243,6,1,89.9
609,243,17,1,6.9
610,244,6,1,89.9
611,244,16,1,64.9
612,244,15,1,54.9
613,245,14,1,21.9
614,245,8,1,19.9
615,245,10,1,99.9
616,245,11,1,32.9
617,246,19,2,149.9
618,247,4,1,14.9
619,247,15,1,54.9
620,248,11,1,32.9
621,248,20,1,18.9
622,248,8,1,19.9
623,249,7,1,39.9
624,249,16,1,64.9
625,249,2,1,49.9
626,250,2,2,49.9
627,251,13,1,54.9
628,251,6,3,89.9
629,251,16,2,64.9
630,252,15,1,54.9
631,252,5,1,44.9
632,252,11,1,32.9
633,253,1,3,29.9
634,253,6,1,89.9
635,254,11,1,32.9
636,254,5,1,44.9
637,254,2,3,49.9
638,254,19,2,149.9
639,255,14,2,21.9
640,255,2,1,49.9
641,256,20,1,18.9
642,256,12,1,24.9
643,256,11,2,32.9
644,257,7,1,39.9
645,257,5,1,44.9
646,258,17,3,6.9
647,258,13,1,54.9
648,258,20,1,18.9
649,259,2,1,49.9
650,259,15,2,54.9
651,259,18,1,12.9
652,259,10,1,99.9
653,260,19,2,149.9
654,260,3,2,79.9
655,260,16,1,64.9
656,260,14,1,21.9
657,261,19,1,149.9
658,261,8,2,19.9
659,261,15,2,54.9
660,262,19,1,149.9
661,262,9,1,24.9
662,263,2,3,49.9
663,263,8,1,19.9
664,264,1,2,29.9
665,264,14,1,21.9
666,264,2,2,49.9
667,264,3,1,79.9
668,265,1,1,29.9
669,265,17,1,6.9
670,265,10,1,99.9
671,265,2,1,49.9
672,266,8,2,19.9
673,267,18,1,12.9
674,267,11,1,32.9
675,267,6,1,89.9
676,267,7,1,39.9
677,268,1,1,29.9
678,268,4,1,14.9
679,268,5,1,44.9
680,268,9,1,24.9
681,269,7,2,39.9
682,269,6,1,89.9
683,269,12,3,24.9
684,269,4,1,14.9
685,270,3,3,79.9
686,271,1,3,29.9
687,272,9,3,24.9
688,273,15,1,54.9
689,274,17,2,6.9
690,274,4,1,14.9
691,274,16,1,64.9
692,274,9,1,24.9
693,275,18,1,12.9
694,275,9,2,24.9
695,276,3,1,79.9
696,277,6,1,89.9
697,277,17,3,6.9
698,277,18,2,12.9
699,278,1,2,29.9
700,278,11,1,32.9
701,278,13,2,54.9
702,279,7,2,39.9
703,279,6,1,89.9
704,279,20,1,18.9
705,279,16,3,64.9
706,280,16,2,64.9
707,280,18,1,12.9
708,281,7,1,39.9
709,281,2,1,49.9
710,281,19,1,149.9
711,282,11,3,32.9
712,282,14,2,21.9
713,282,1,1,29.9
714,283,20,1,18.9
715,284,19,1,149.9
716,285,18,1,12.9
717,285,20,1,18.9
718,285,11,2,32.9
719,285,4,1,14.9
720,286,18,1,12.9
721,286,14,1,21.9
722,286,10,2,99.9
723,287,9,3,24.9
724,287,13,1,54.9
725,288,3,1,79.9
726,288,17,1,6.9
727,288,12,1,24.9
728,288,20,1,18.9
729,289,11,2,32.9
730,289,6,2,89.9
731,289,3,1,79.9
732,290,12,1,24.9
733,291,11,1,32.9
734,291,20,1,18.9
735,291,4,2,14.9
736,292,2,1,49.9
737,292,9,2,24.9
738,293,18,2,12.9
739,294,18,2,12.9
740,294,10,2,99.9
741,294,4,1,14.9
742,295,3,1,79.9
743,295,11,1,32.9
744,295,9,2,24.9
745,295,2,1,49.9
746,296,2,1,49.9
747,296,16,1,64.9
748,296,12,1,24.9
749,296,13,1,54.9
750,297,3,1,79.9
751,297,11,1,32.9
752,298,1,1,29.9
753,299,6,1,89.9
754,299,17,1,6.9
755,300,19,1,149.9
756,300,7,1,39.9
757,300,16,1,64.9
758,301,7,1,39.9
759,301,17,3,6.9
760,301,10,1,99.9
761,301,12,1,24.9
762,302,8,1,19.9
763,302,4,1,14.9
764,302,14,1,21.9
765,303,13,1,54.9
766,304,5,2,44.9
767,304,19,1,149.9
768,304,6,3,89.9
769,305,5,1,44.9
770,305,2,1,49.9
771,306,3,1,79.9
772,307,7,3,39.9
773,307,9,1,24.9
774,308,4,1,14.9
775,308,1,1,29.9
776,309,5,1,44.9
777,309,20,1,18.9
778,309,4,1,14.9
779,309,12,1,24.9
780,310,7,1,39.9
781,310,5,2,44.9
782,310,20,2,18.9
783,310,13,1,54.9
784,311,16,1,64.9
785,311,9,1,24.9
786,311,14,1,21.9
787,311,2,2,49.9
788,312,15,1,54.9
789,313,14,2,21.9
790,313,4,1,14.9
791,314,6,1,89.9
792,314,14,2,21.9
793,314,1,1,29.9
794,315,12,1,24.9
795,315,10,2,99.9
796,315,8,2,19.9
797,315,15,3,54.9
798,316,6,1,89.9
799,316,16,1,64.9
800,316,8,2,19.9
801,317,13,1,54.9
802,317,8,1,19.9
803,317,18,1,12.9
804,317,17,1,6.9
805,318,4,2,14.9
806,318,9,1,24.9
807,318,17,1,6.9
808,319,8,2,19.9
809,320,8,2,19.9
810,320,18,1,12.9
811,320,17,3,6.9
812,321,5,3,44.9
813,322,18,1,12.9
814,322,14,1,21.9
815,322,11,1,32.9
816,323,14,1,21.9
817,323,9,1,24.9
818,323,19,1,149.9
819,324,4,1,14.9
820,324,13,2,54.9
821,324,16,1,64.9
822,325,12,1,24.9
823,325,16,1,64.9
824,325,8,1,19.9
825,326,3,1,79.9
826,327,8,2,19.9
827,327,14,1,21.9
828,328,18,1,12.9
829,328,3,1,79.9
830,328,4,1,14.9
831,328,15,1,54.9
832,329,9,1,24.9
833,330,4,1,14.9
834,330,9,2,24.9
835,330,15,1,54.9
836,330,7,1,39.9
837,331,20,1,18.9
838,331,18,1,12.9
839,331,8,1,19.9
840,332,16,2,64.9
841,333,14,1,21.9
842,333,11,1,32.9
843,334,19,1,149.9
844,334,9,1,24.9
845,335,15,1,54.9
846,335,18,1,12.9
847,335,6,1,89.9
848,336,9,1,24.9
849,337,8,1,19.9
850,337,2,1,49.9
851,338,7,1,39.9
852,338,5,1,44.9
853,339,8,1,19.9
854,339,5,1,44.9
855,339,2,1,49.9
856,339,4,2,14.9
857,340,14,2,21.9
858,340,5,1,44.9
859,340,3,1,79.9
860,341,12,1,24.9
861,341,2,1,49.9
862,342,4,1,14.9
863,342,3,1,79.9
864,342,6,1,89.9
865,342,7,1,39.9
866,343,9,1,24.9
867,343,17,2,6.9
868,344,15,1,54.9
869,344,6,1,89.9
870,344,18,1,12.9
871,345,20,1,18.9
872,345,15,1,54.9
873,346,1,1,29.9
874,346,7,1,39.9
875,347,3,2,79.9
876,347,19,1,149.9
877,347,4,1,14.9
878,347,5,2,44.9
879,348,18,1,12.9
880,349,2,1,49.9
881,349,17,2,6.9
882,350,8,1,19.9
883,350,2,1,49.9
884,351,8,1,19.9
885,352,11,1,32.9
886,353,9,1,24.9
887,354,6,1,89.9
888,354,2,2,49.9
889,355,5,1,44.9
890,355,8,1,19.9
891,356,20,1,18.9
892,356,15,1,54.9
893,357,11,1,32.9
894,358,11,2,32.9
895,358,1,2,29.9
896,358,2,2,49.9
897,359,1,1,29.9
898,360,19,1,149.9
899,360,3,1,79.9
900,361,15,2,54.9
901,362,2,3,49.9
902,362,1,1,29.9
903,362,5,1,44.9
904,363,10,1,99.9
905,363,9,2,24.9
906,363,6,1,89.9
907,364,10,1,99.9
908,364,16,2,64.9
909,364,17,1,6.9
910,364,3,1,79.9
911,365,11,1,32.9
912,366,17,1,6.9
913,367,2,1,49.9
914,368,9,2,24.9
915,369,12,1,24.9
916,369,11,1,32.9
917,369,3,1,79.9
918,369,20,1,18.9
919,370,8,1,19.9
920,371,17,1,6.9
921,371,8,1,19.9
922,371,11,1,32.9
923,372,19,1,149.9
924,372,13,1,54.9
925,373,16,1,64.9
926,374,8,1,19.9
927,374,14,1,21.9
928,375,20,1,18.9
929,375,12,1,24.9
930,375,1,1,29.9
931,375,17,1,6.9
932,376,13,1,54.9
933,377,18,2,12.9
934,378,9,1,24.9
935,379,6,1,89.9
936,379,18,2,12.9
937,379,16,1,64.9
938,380,7,1,39.9
939,380,17,1,6.9
940,380,3,1,79.9
941,380,13,1,54.9
942,381,6,1,89.9
943,381,17,1,6.9
944,381,10,1,99.9
945,382,5,1,44.9
946,382,12,1,24.9
947,382,17,2,6.9
948,382,14,1,21.9
949,383,13,1,54.9
950,384,6,2,89.9
951,384,12,1,24.9
952,384,19,1,149.9
953,384,10,1,99.9
954,385,11,1,32.9
955,385,18,3,12.9
956,385,6,2,89.9
957,386,3,1,79.9
958,387,14,1,21.9
959,387,9,3,24.9
960,387,10,1,99.9
961,388,8,1,19.9
962,389,8,1,19.9
963,389,18,2,12.9
964,389,17,1,6.9
965,390,15,1,54.9
966,390,2,1,49.9
967,391,2,1,49.9
968,391,10,1,99.9
969,391,8,3,19.9
970,392,7,1,39.9
971,392,17,2,6.9
972,392,9,1,24.9
973,393,5,1,44.9
974,393,4,1,14.9
975,394,17,1,6.9
976,394,15,1,54.9
977,394,4,1,14.9
978,394,2,1,49.9
979,395,16,1,64.9
980,395,7,1,39.9
981,396,2,2,49.9
982,396,14,1,21.9
983,397,20,2,18.9
984,398,11,3,32.9
985,398,13,2,54.9
986,398,4,2,14.9
987,398,15,1,54.9
988,399,1,2,29.9
989,400,1,1,29.9
990,400,20,1,18.9
991,401,4,2,14.9
992,401,18,1,12.9
993,401,5,1,44.9
994,401,17,1,6.9
995,402,9,2,24.9
996,402,10,2,99.9
997,402,4,1,14.9
998,402,14,1,21.9
999,403,5,1,44.9
1000,403,2,1,49.9
1001,403,3,1,79.9
1002,404,4,1,14.9
1003,404,18,1,12.9
1004,404,10,1,99.9
1005,405,19,1,149.9
1006,406,7,1,39.9
1007,406,6,1,89.9
1008,406,19,1,149.9
1009,406,20,1,18.9
1010,407,11,1,32.9
1011,407,14,2,21.9
1012,407,3,1,79.9
1013,408,5,1,44.9
1014,408,17,1,6.9
1015,408,18,2,12.9
1016,409,11,1,32.9
1017,410,14,1,21.9
1018,410,20,1,18.9
1019,410,2,1,49.9
1020,410,17,2,6.9
1021,411,2,2,49.9
1022,412,17,2,6.9
1023,413,13,2,54.9
1024,413,20,2,18.9
1025,413,3,1,79.9
1026,414,3,3,79.9
1027,414,11,2,32.9
1028,414,7,1,39.9
1029,414,4,1,14.9
1030,415,14,1,21.9
1031,416,14,1,21.9
1032,416,19,1,149.9
1033,417,14,3,21.9
1034,417,18,2,12.9
1035,417,5,1,44.9
1036,417,7,3,39.9
1037,418,8,1,19.9
1038,419,17,3,6.9
1039,420,11,1,32.9
1040,420,10,2,99.9
1041,421,14,1,21.9
1042,421,2,1,49.9
1043,422,2,1,49.9
1044,423,15,1,54.9
1045,423,1,3,29.9
1046,423,2,1,49.9
1047,424,10,1,99.9
1048,425,1,3,29.9
1049,425,15,1,54.9
1050,426,13,1,54.9
1051,426,19,1,149.9
1052,427,10,2,99.9
1053,427,18,1,12.9
1054,427,15,1,54.9
1055,427,3,1,79.9
1056,428,19,1,149.9
1057,428,8,1,19.9
1058,428,5,2,44.9
1059,428,11,2,32.9
1060,429,6,1,89.9
1061,429,7,2,39.9
1062,430,10,2,99.9
1063,430,5,1,44.9
1064,431,14,1,21.9
1065,432,18,1,12.9
1066,433,4,1,14.9
1067,433,15,1,54.9
1068,433,14,1,21.9
1069,433,1,1,29.9
1070,434,17,1,6.9
1071,434,8,1,19.9
1072,435,8,1,19.9
1073,435,17,1,6.9
1074,435,5,1,44.9
1075,436,1,2,29.9
1076,436,12,1,24.9
1077,436,14,1,21.9
1078,437,11,1,32.9
1079,437,1,2,29.9
1080,437,18,1,12.9
1081,437,5,1,44.9
1082,438,3,1,79.9
1083,438,18,1,12.9
1084,438,13,1,54.9
1085,439,1,1,29.9
1086,439,18,1,12.9
1087,440,7,1,39.9
1088,440,17,1,6.9
1089,441,9,2,24.9
1090,442,13,1,54.9
1091,442,18,2,12.9
1092,442,5,1,44.9
1093,443,2,1,49.9
1094,443,1,1,29.9
1095,443,6,1,89.9
1096,444,20,3,18.9
1097,444,13,1,54.9
1098,444,19,3,149.9
1099,444,3,1,79.9
1100,445,3,1,79.9
1101,445,20,2,18.9
1102,446,1,1,29.9
1103,446,2,1,49.9
1104,446,3,1,79.9
1105,447,10,1,99.9
1106,448,11,1,32.9
1107,449,6,1,89.9
1108,449,17,1,6.9
1109,449,7,1,39.9
1110,449,15,1,54.9
1111,450,9,1,24.9
1112,450,1,1,29.9
1113,450,16,1,64.9
1114,451,15,2,54.9
1115,452,14,1,21.9
1116,452,5,2,44.9
1117,452,19,1,149.9
1118,452,12,1,24.9
1119,453,13,2,54.9
1120,453,2,1,49.9
1121,453,6,1,89.9
1122,453,3,1,79.9
1123,454,3,1,79.9
1124,454,7,1,39.9
1125,454,19,2,149.9
1126,455,12,1,24.9
1127,455,6,3,89.9
1128,455,7,1,39.9
1129,456,15,1,54.9
1130,457,4,1,14.9
1131,457,3,1,79.9
1132,458,8,2,19.9
1133,459,17,1,6.9
1134,459,11,1,32.9
1135,460,13,1,54.9
1136,460,4,1,14.9
1137,460,7,1,39.9
1138,461,10,1,99.9
1139,461,9,1,24.9
1140,461,2,1,49.9
1141,462,5,2,44.9
1142,463,17,1,6.9
1143,463,2,1,49.9
1144,463,4,1,14.9
1145,464,7,1,39.9
1146,464,9,1,24.9
1147,464,4,1,14.9
1148,464,13,1,54.9
1149,465,17,1,6.9
1150,465,6,1,89.9
1151,465,19,1,149.9
1152,465,3,1,79.9
1153,466,4,1,14.9
1154,466,7,2,39.9
1155,467,6,1,89.9
1156,467,19,1,149.9
1157,467,18,1,12.9
1158,467,11,1,32.9
1159,468,14,2,21.9
1160,468,8,1,19.9
1161,469,17,1,6.9
1162,470,14,1,21.9
1163,470,1,2,29.9
1164,470,11,3,32.9
1165,471,16,2,64.9
1166,472,13,1,54.9
1167,472,4,1,14.9
1168,472,15,2,54.9
1169,472,16,1,64.9
1170,473,17,2,6.9
1171,473,5,1,44.9
1172,473,1,1,29.9
1173,473,12,1,24.9
1174,474,6,1,89.9
1175,474,8,1,19.9
1176,475,3,1,79.9
1177,475,13,1,54.9
1178,476,11,1,32.9
1179,477,4,1,14.9
1180,477,9,1,24.9
1181,477,13,2,54.9
1182,477,5,1,44.9
1183,478,11,1,32.9
1184,478,19,1,149.9
1185,479,18,1,12.9
1186,480,8,1,19.9
1187,480,14,1,21.9
1188,480,18,1,12.9
1189,481,5,2,44.9
1190,481,2,2,49.9
1191,482,18,3,12.9
1192,482,14,1,21.9
1193,483,17,1,6.9
1194,483,10,1,99.9
1195,483,5,2,44.9
1196,484,3,1,79.9
1197,485,18,1,12.9
1198,485,17,1,6.9
1199,485,15,1,54.9
1200,485,2,1,49.9
1201,486,15,1,54.9
1202,486,13,3,54.9
1203,486,16,1,64.9
1204,486,7,2,39.9
1205,487,9,1,24.9
1206,487,13,1,54.9
1207,487,3,1,79.9
1208,487,18,1,12.9
1209,488,13,1,54.9
1210,488,18,1,12.9
1211,488,5,1,44.9
1212,488,14,2,21.9
1213,489,17,1,6.9
1214,489,19,1,149.9
1215,489,7,2,39.9
1216,490,17,1,6.9
1217,490,1,1,29.9
1218,490,13,2,54.9
1219,491,2,1,49.9
1220,491,9,2,24.9
1221,491,1,2,29.9
1222,492,13,1,54.9
1223,492,11,1,32.9
1224,492,15,1,54.9
1225,492,2,1,49.9
1226,493,12,1,24.9
1227,493,9,1,24.9
1228,493,19,1,149.9
1229,494,7,1,39.9
1230,494,5,1,44.9
1231,494,12,3,24.9
1232,494,10,1,99.9
1233,495,13,1,54.9
1234,495,8,2,19.9
1235,495,7,1,39.9
1236,496,11,1,32.9
1237,497,3,1,79.9
1238,497,11,1,32.9
1239,497,6,3,89.9
1240,498,6,3,89.9
1241,498,11,1,32.9
1242,498,13,2,54.9
1243,498,20,1,18.9
1244,499,11,1,32.9
1245,499,17,1,6.9
1246,500,8,2,19.9
1247,501,18,1,12.9
1248,502,12,1,24.9
1249,502,1,3,29.9
1250,502,16,2,64.9
1251,503,1,2,29.9
1252,503,11,1,32.9
1253,503,16,1,64.9
1254,504,7,1,39.9
1255,505,17,2,6.9
1256,506,4,2,14.9
1257,507,6,2,89.9
1258,507,2,1,49.9
1259,507,7,1,39.9
1260,507,17,2,6.9
1261,508,12,1,24.9
1262,509,3,1,79.9
1263,509,11,1,32.9
1264,509,10,1,99.9
1265,510,7,1,39.9
1266,511,20,1,18.9
1267,511,7,2,39.9
1268,511,14,1,21.9
1269,512,14,2,21.9
1270,512,15,1,54.9
1271,513,5,3,44.9
1272,513,4,2,14.9
1273,513,10,1,99.9
1274,514,6,1,89.9
1275,514,15,2,54.9
1276,514,13,1,54.9
1277,515,18,1,12.9
1278,515,2,1,49.9
1279,515,5,1,44.9
1280,515,16,1,64.9
1281,516,13,2,54.9
1282,516,6,1,89.9
1283,516,5,2,44.9
1284,517,14,1,21.9
1285,517,2,2,49.9
1286,517,11,1,32.9
1287,517,17,1,6.9
1288,518,5,1,44.9
1289,518,16,1,64.9
1290,519,18,3,12.9
1291,519,11,2,32.9
1292,519,14,1,21.9
1293,520,6,1,89.9
1294,520,17,1,6.9
1295,520,5,1,44.9
1296,521,14,3,21.9
1297,522,5,2,44.9
1298,523,2,1,49.9
1299,524,12,1,24.9
1300,524,8,1,19.9
1301,524,19,1,149.9
1302,525,11,2,32.9
1303,526,7,1,39.9
1304,527,16,1,64.9
1305,527,2,1,49.9
1306,527,17,1,6.9
1307,528,4,1,14.9
1308,528,10,2,99.9
1309,529,13,1,54.9
1310,529,19,2,149.9
1311,529,16,3,64.9
1312,529,5,1,44.9
1313,530,15,1,54.9
1314,530,10,1,99.9
1315,530,14,2,21.9
1316,530,5,3,44.9
1317,531,12,1,24.9
1318,531,10,3,99.9
1319,532,6,2,89.9
1320,532,18,1,12.9
1321,533,7,1,39.9
1322,533,3,1,79.9
1323,534,10,1,99.9
1324,535,13,1,54.9
1325,536,17,1,6.9
1326,537,16,1,64.9
1327,537,6,1,89.9
1328,537,7,1,39.9
1329,538,16,1,64.9
1330,538,13,1,54.9
1331,539,6,1,89.9
1332,539,20,1,18.9
1333,539,12,3,24.9
1334,539,16,1,64.9
1335,540,16,1,64.9
1336,540,5,1,44.9
1337,540,13,1,54.9
1338,541,20,1,18.9
1339,541,3,2,79.9
1340,542,13,1,54.9
1341,542,18,1,12.9
1342,542,8,1,19.9
1343,542,4,1,14.9
1344,543,16,1,64.9
1345,544,7,2,39.9
1346,544,20,1,18.9
1347,544,15,3,54.9
1348,544,19,3,149.9
1349,545,11,1,32.9
1350,546,19,2,149.9
1351,546,20,1,18.9
1352,547,6,1,89.9
1353,547,4,1,14.9
1354,547,14,1,21.9
1355,547,11,1,32.9
1356,548,8,1,19.9
1357,548,6,1,89.9
1358,549,19,1,149.9
1359,549,18,1,12.9
1360,550,9,1,24.9
1361,550,14,1,21.9
1362,550,4,1,14.9
1363,551,8,1,19.9
1364,551,6,1,89.9
1365,551,13,1,54.9
1366,551,10,2,99.9
1367,552,20,1,18.9
1368,552,4,2,14.9
1369,552,6,1,89.9
1370,552,15,1,54.9
1371,553,15,1,54.9
1372,553,3,1,79.9
1373,554,17,1,6.9
1374,554,16,2,64.9
1375,554,4,1,14.9
1376,554,7,1,39.9
1377,555,5,1,44.9
1378,555,20,1,18.9
1379,556,5,2,44.9
1380,557,2,1,49.9
1381,557,18,1,12.9
1382,557,7,2,39.9
1383,557,6,1,89.9
1384,558,17,1,6.9
1385,558,20,1,18.9
1386,558,19,1,149.9
1387,558,15,1,54.9
1388,559,17,1,6.9
1389,559,12,1,24.9
1390,559,6,2,89.9
1391,560,7,1,39.9
1392,561,8,2,19.9
1393,561,13,2,54.9
1394,561,3,1,79.9
1395,562,15,1,54.9
1396,563,7,2,39.9
1397,563,19,2,149.9
1398,564,5,1,44.9
1399,565,19,1,149.9
1400,565,12,1,24.9
1401,566,16,1,64.9
1402,566,9,1,24.9
1403,567,2,2,49.9
1404,567,7,1,39.9
1405,568,3,1,79.9
1406,568,7,1,39.9
1407,568,16,1,64.9
1408,568,20,1,18.9
1409,569,4,1,14.9
1410,569,7,2,39.9
1411,570,14,1,21.9
1412,570,15,2,54.9
1413,570,5,1,44.9
1414,570,2,1,49.9
1415,571,13,1,54.9
1416,571,4,1,14.9
1417,571,5,1,44.9
1418,571,6,1,89.9
1419,572,17,1,6.9
1420,572,15,1,54.9
1421,572,8,1,19.9
1422,573,10,1,99.9
1423,574,13,1,54.9
1424,574,11,1,32.9
1425,574,7,2,39.9
1426,574,1,2,29.9
1427,575,5,2,44.9
1428,576,6,1,89.9
1429,576,4,2,14.9
1430,576,3,1,79.9
1431,577,11,1,32.9
1432,577,1,1,29.9
1433,578,5,1,44.9
1434,578,10,1,99.9
1435,579,12,1,24.9
1436,579,20,2,18.9
1437,580,1,2,29.9
1438,581,19,1,149.9
1439,581,12,1,24.9
1440,582,1,1,29.9
1441,582,4,1,14.9
1442,582,8,1,19.9
1443,582,15,1,54.9
1444,583,18,1,12.9
1445,583,12,2,24.9
1446,583,13,1,54.9
1447,584,9,2,24.9
1448,585,1,3,29.9
1449,585,5,2,44.9
1450,586,4,1,14.9
1451,586,12,1,24.9
1452,586,6,1,89.9
1453,586,16,1,64.9
1454,587,15,1,54.9
1455,588,14,1,21.9
1456,589,14,1,21.9
1457,590,10,1,99.9
1458,590,17,2,6.9
1459,591,11,2,32.9
1460,591,9,1,24.9
1461,591,6,1,89.9
1462,592,10,1,99.9
1463,592,2,1,49.9
1464,593,13,1,54.9
1465,593,16,2,64.9
1466,593,15,1,54.9
1467,594,12,1,24.9
1468,595,12,2,24.9
1469,595,10,2,99.9
1470,595,14,1,21.9
1471,596,5,2,44.9
1472,597,15,1,54.9
1473,597,14,1,21.9
1474,597,1,2,29.9
1475,598,2,1,49.9
1476,599,18,1,12.9
1477,599,8,2,19.9
1478,599,4,1,14.9
1479,599,15,1,54.9
1480,600,18,1,12.9
1481,601,12,1,24.9
1482,602,19,2,149.9
1483,602,1,1,29.9
1484,603,2,1,49.9
1485,603,15,1,54.9
1486,603,3,1,79.9
1487,604,2,1,49.9
1488,604,15,1,54.9
1489,605,10,1,99.9
1490,606,16,2,64.9
1491,606,10,1,99.9
1492,606,7,1,39.9
1493,607,1,1,29.9
1494,608,12,2,24.9
1495,608,18,1,12.9
1496,609,14,1,21.9
1497,609,20,1,18.9
1498,609,9,1,24.9
1499,609,16,1,64.9
1500,610,20,1,18.9
1501,610,13,2,54.9
1502,611,9,2,24.9
1503,611,14,1,21.9
1504,611,13,1,54.9
1505,611,19,1,149.9
1506,612,16,1,64.9
1507,612,1,3,29.9
1508,613,14,3,21.9
1509,613,20,1,18.9
1510,613,4,1,14.9
1511,613,10,1,99.9
1512,614,2,1,49.9
1513,615,15,1,54.9
1514,615,4,1,14.9
1515,615,9,1,24.9
1516,615,2,1,49.9
1517,616,19,2,149.9
1518,617,19,1,149.9
1519,617,1,3,29.9
1520,617,11,1,32.9
1521,618,2,1,49.9
1522,618,9,1,24.9
1523,619,20,2,18.9
1524,619,16,1,64.9
1525,619,13,1,54.9
1526,620,3,1,79.9
1527,620,7,1,39.9
1528,621,14,1,21.9
1529,622,4,3,14.9
1530,622,14,1,21.9
1531,622,13,1,54.9
1532,623,16,1,64.9
1533,624,8,2,19.9
1534,624,20,1,18.9
1535,624,6,1,89.9
1536,625,19,3,149.9
1537,625,20,1,18.9
1538,625,4,1,14.9
1539,626,6,1,89.9
1540,626,14,1,21.9
1541,626,5,1,44.9
1542,627,4,1,14.9
1543,627,3,2,79.9
1544,628,9,1,24.9
1545,629,8,1,19.9
1546,630,5,3,44.9
1547,630,4,1,14.9
1548,630,3,1,79.9
1549,630,15,1,54.9
1550,631,17,3,6.9
1551,631,1,2,29.9
1552,631,3,2,79.9
1553,632,18,2,12.9
1554,632,5,1,44.9
1555,632,6,2,89.9
1556,633,17,1,6.9
1557,633,20,1,18.9
1558,633,8,1,19.9
1559,634,1,2,29.9
1560,634,18,1,12.9
1561,634,6,1,89.9
1562,634,2,1,49.9
1563,635,3,1,79.9
1564,635,6,1,89.9
1565,635,7,1,39.9
1566,635,13,2,54.9
1567,636,6,1,89.9
1568,637,19,1,149.9
1569,637,9,1,24.9
1570,637,6,1,89.9
1571,637,14,2,21.9
1572,638,2,1,49.9
1573,638,9,1,24.9
1574,638,20,2,18.9
1575,638,12,1,24.9
1576,639,4,1,14.9
1577,639,12,1,24.9
1578,639,14,1,21.9
1579,639,2,1,49.9
1580,640,11,1,32.9
1581,640,13,2,54.9
1582,641,19,1,149.9
1583,641,13,2,54.9
1584,641,6,2,89.9
1585,641,10,1,99.9
1586,642,20,1,18.9
1587,642,13,1,54.9
1588,642,19,2,149.9
1589,643,1,1,29.9
1590,643,9,1,24.9
1591,643,15,1,54.9
1592,643,17,1,6.9
1593,644,13,1,54.9
1594,645,19,1,149.9
1595,645,8,1,19.9
1596,645,14,1,21.9
1597,646,9,1,24.9
1598,646,18,1,12.9
1599,647,20,2,18.9
1600,647,2,1,49.9
1601,648,13,3,54.9
1602,648,16,2,64.9
1603,648,5,1,44.9
1604,649,14,1,21.9
1605,650,3,1,79.9
1606,651,4,2,14.9
1607,651,19,3,149.9
1608,652,12,3,24.9
1609,652,6,2,89.9
1610,653,4,1,14.9
1611,653,8,2,19.9
1612,653,7,1,39.9
1613,653,16,3,64.9
1614,654,9,1,24.9
1615,655,13,1,54.9
1616,656,6,1,89.9
1617,657,10,1,99.9
1618,657,16,1,64.9
1619,657,5,1,44.9
1620,658,7,1,39.9
1621,659,1,1,29.9
1622,659,19,1,149.9
1623,659,14,2,21.9
1624,660,3,1,79.9
1625,660,17,1,6.9
1626,660,5,1,44.9
1627,660,9,1,24.9
1628,661,13,1,54.9
1629,662,4,1,14.9
1630,662,9,1,24.9
1631,663,8,2,19.9
1632,664,13,2,54.9
1633,664,20,1,18.9
1634,665,19,1,149.9
1635,665,13,1,54.9
1636,666,17,1,6.9
1637,666,13,2,54.9
1638,666,10,1,99.9
1639,667,11,1,32.9
1640,667,2,1,49.9
1641,667,4,1,14.9
1642,668,2,3,49.9
1643,668,16,1,64.9
1644,669,2,1,49.9
1645,669,12,1,24.9
1646,669,4,1,14.9
1647,669,3,1,79.9
1648,670,7,1,39.9
1649,670,14,1,21.9
1650,670,11,1,32.9
1651,670,8,1,19.9
1652,671,11,1,32.9
1653,671,12,1,24.9
1654,671,2,1,49.9
1655,672,5,3,44.9
1656,672,10,1,99.9
1657,672,17,1,6.9
1658,673,13,1,54.9
1659,673,9,1,24.9
1660,673,18,1,12.9
1661,673,14,1,21.9
1662,674,1,1,29.9
1663,674,10,2,99.9
1664,675,15,1,54.9
1665,675,11,2,32.9
1666,675,18,1,12.9
1667,675,1,1,29.9
1668,676,7,2,39.9
1669,676,17,1,6.9
1670,677,8,1,19.9
1671,677,12,1,24.9
1672,678,5,1,44.9
1673,678,6,1,89.9
1674,678,14,1,21.9
1675,678,11,1,32.9
1676,679,8,1,19.9
1677,679,2,1,49.9
1678,679,1,1,29.9
1679,680,4,1,14.9
1680,680,6,1,89.9
1681,681,14,1,21.9
1682,681,16,2,64.9
1683,681,19,1,149.9
1684,681,10,1,99.9
1685,682,3,1,79.9
1686,683,3,1,79.9
1687,684,18,3,12.9
1688,684,17,1,6.9
1689,684,13,2,54.9
1690,685,4,1,14.9
1691,686,16,1,64.9
1692,686,20,1,18.9
1693,686,18,1,12.9
1694,686,5,2,44.9
1695,687,15,1,54.9
1696,687,1,3,29.9
1697,687,9,1,24.9
1698,688,6,1,89.9
1699,688,14,1,21.9
1700,688,3,1,79.9
1701,689,17,1,6.9
1702,689,9,2,24.9
1703,690,11,1,32.9
1704,690,8,1,19.9
1705,690,14,2,21.9
1706,690,12,1,24.9
1707,691,18,3,12.9
1708,691,12,2,24.9
1709,691,6,1,89.9
1710,691,19,1,149.9
1711,692,17,2,6.9
1712,692,11,1,32.9
1713,693,2,1,49.9
1714,693,20,1,18.9
1715,693,14,1,21.9
1716,694,11,1,32.9
1717,694,5,2,44.9
1718,694,7,1,39.9
1719,694,3,1,79.9
1720,695,10,1,99.9
1721,695,18,2,12.9
1722,695,16,1,64.9
1723,695,3,1,79.9
1724,696,6,1,89.9
1725,696,16,2,64.9
1726,696,20,1,18.9
1727,697,6,1,89.9
1728,697,3,1,79.9
1729,697,16,1,64.9
1730,697,12,2,24.9
1731,698,8,1,19.9
1732,698,2,1,49.9
1733,698,9,1,24.9
1734,698,11,3,32.9
1735,699,11,1,32.9
1736,699,18,1,12.9
1737,700,11,2,32.9
1738,700,8,1,19.9
1739,701,17,1,6.9
1740,702,15,1,54.9
1741,702,16,1,64.9
1742,702,17,1,6.9
1743,702,10,3,99.9
1744,703,9,1,24.9
1745,703,20,1,18.9
1746,703,12,2,24.9
1747,704,18,1,12.9
1748,704,12,1,24.9
1749,705,15,1,54.9
1750,705,18,1,12.9
1751,706,8,1,19.9
1752,706,4,3,14.9
1753,706,5,1,44.9
1754,707,18,3,12.9
1755,707,13,1,54.9
1756,707,14,2,21.9
1757,708,10,3,99.9
1758,709,16,2,64.9
1759,709,19,1,149.9
1760,709,5,2,44.9
1761,710,9,1,24.9
1762,710,13,2,54.9
1763,711,9,2,24.9
1764,711,6,2,89.9
1765,711,20,1,18.9
1766,711,5,1,44.9
1767,712,17,1,6.9
1768,712,8,2,19.9
1769,713,4,1,14.9
1770,713,18,1,12.9
1771,714,19,3,149.9
1772,714,7,1,39.9
1773,715,19,1,149.9
1774,716,6,1,89.9
1775,716,5,2,44.9
1776,717,6,1,89.9
1777,718,1,1,29.9
1778,719,15,1,54.9
1779,719,14,1,21.9
1780,719,13,2,54.9
1781,719,4,1,14.9
1782,720,13,2,54.9
1783,720,4,1,14.9
1784,720,1,1,29.9
1785,720,3,1,79.9
1786,721,8,2,19.9
1787,722,11,1,32.9
1788,722,8,2,19.9
1789,722,3,2,79.9
1790,723,14,1,21.9
1791,723,18,1,12.9
1792,723,5,2,44.9
1793,724,4,1,14.9
1794,724,2,2,49.9
1795,724,1,1,29.9
1796,725,6,2,89.9
1797,725,1,3,29.9
1798,725,12,1,24.9
1799,725,9,1,24.9
1800,726,11,1,32.9
1801,727,14,1,21.9
1802,728,14,1,21.9
1803,728,9,1,24.9
1804,728,3,2,79.9
1805,728,18,1,12.9
1806,729,3,1,79.9
1807,730,10,2,99.9
1808,730,1,1,29.9
1809,731,13,1,54.9
1810,732,20,1,18.9
1811,732,16,1,64.9
1812,732,2,2,49.9
1813,733,14,1,21.9
1814,733,20,1,18.9
1815,734,13,1,54.9
1816,734,18,1,12.9
1817,735,6,1,89.9
1818,735,13,1,54.9
1819,735,15,1,54.9
1820,735,1,1,29.9
1821,736,16,1,64.9
1822,737,20,1,18.9
1823,737,3,1,79.9
1824,737,12,1,24.9
1825,737,1,1,29.9
1826,738,19,1,149.9
1827,739,1,2,29.9
1828,739,8,1,19.9
1829,739,5,2,44.9
1830,739,20,2,18.9
1831,740,15,2,54.9
1832,740,17,1,6.9
1833,740,18,1,12.9
1834,741,18,2,12.9
1835,742,5,1,44.9
1836,742,3,1,79.9
1837,742,15,3,54.9
1838,743,15,1,54.9
1839,744,3,1,79.9
1840,744,5,1,44.9
1841,744,16,2,64.9
1842,745,18,1,12.9
1843,746,9,1,24.9
1844,746,3,1,79.9
1845,747,14,1,21.9
1846,747,9,1,24.9
1847,748,11,1,32.9
1848,748,17,1,6.9
1849,748,3,3,79.9
1850,748,15,2,54.9
1851,749,9,2,24.9
1852,749,5,1,44.9
1853,749,4,1,14.9
1854,750,2,1,49.9
1855,750,11,2,32.9
1856,750,14,1,21.9
1857,750,17,2,6.9
1858,751,16,2,64.9
1859,751,1,1,29.9
1860,751,19,1,149.9
1861,752,11,1,32.9
1862,752,14,1,21.9
1863,753,7,1,39.9
1864,753,5,2,44.9
1865,754,17,2,6.9
1866,754,6,1,89.9
1867,755,1,1,29.9
1868,755,2,1,49.9
1869,755,3,2,79.9
1870,756,6,1,89.9
1871,756,9,1,24.9
1872,757,14,1,21.9
1873,757,3,2,79.9
1874,758,1,1,29.9
1875,758,16,1,64.9
1876,758,3,1,79.9
1877,759,3,1,79.9
1878,760,1,2,29.9
1879,760,6,1,89.9
1880,760,15,2,54.9
1881,761,11,1,32.9
1882,762,2,1,49.9
1883,763,15,2,54.9
1884,763,2,1,49.9
1885,764,2,1,49.9
1886,765,19,3,149.9
1887,765,11,1,32.9
1888,765,1,1,29.9
1889,765,18,3,12.9
1890,766,17,1,6.9
1891,767,18,1,12.9
1892,767,11,1,32.9
1893,767,10,2,99.9
1894,768,14,2,21.9
1895,768,19,1,149.9
1896,768,18,1,12.9
1897,768,7,1,39.9
1898,769,4,2,14.9
1899,769,14,3,21.9
1900,769,3,1,79.9
1901,769,17,1,6.9
1902,770,7,2,39.9
1903,771,2,1,49.9
1904,772,5,1,44.9
1905,773,8,2,19.9
1906,773,6,1,89.9
1907,773,3,2,79.9
1908,773,15,2,54.9
1909,774,15,2,54.9
1910,774,9,2,24.9
1911,774,17,1,6.9
1912,775,14,1,21.9
1913,775,17,2,6.9
1914,776,2,1,49.9
1915,776,14,1,21.9
1916,776,15,1,54.9
1917,776,7,1,39.9
1918,777,18,1,12.9
1919,777,17,3,6.9
1920,777,7,1,39.9
1921,778,13,1,54.9
1922,778,10,1,99.9
1923,779,11,1,32.9
1924,780,15,1,54.9
1925,780,9,1,24.9
1926,780,2,1,49.9
1927,780,13,1,54.9
1928,781,6,1,89.9
1929,781,7,1,39.9
1930,781,20,1,18.9
1931,781,1,2,29.9
1932,782,2,1,49.9
1933,783,1,1,29.9
1934,783,4,1,14.9
1935,783,8,1,19.9
1936,784,4,2,14.9
1937,784,1,1,29.9
1938,784,5,1,44.9
1939,784,11,1,32.9
1940,785,6,1,89.9
1941,785,1,1,29.9
1942,786,11,1,32.9
1943,786,9,1,24.9
1944,787,1,1,29.9
1945,787,3,1,79.9
1946,788,19,1,149.9
1947,788,12,2,24.9
1948,788,2,2,49.9
1949,789,3,1,79.9
1950,790,7,3,39.9
1951,790,6,1,89.9
1952,790,12,1,24.9
1953,791,15,1,54.9
1954,791,11,1,32.9
1955,791,2,2,49.9
1956,792,15,1,54.9
1957,793,15,1,54.9
1958,793,18,1,12.9
1959,794,1,1,29.9
1960,794,8,3,19.9
1961,794,3,1,79.9
1962,795,10,1,99.9
1963,795,1,2,29.9
1964,796,1,1,29.9
1965,797,2,1,49.9
1966,797,7,1,39.9
1967,798,3,1,79.9
1968,798,20,1,18.9
1969,798,18,1,12.9
1970,799,11,3,32.9
1971,799,6,1,89.9
1972,800,12,1,24.9
1973,800,19,1,149.9
1974,801,3,3,79.9
1975,801,2,1,49.9
1976,801,19,1,149.9
1977,801,14,1,21.9
1978,802,19,1,149.9
1979,802,14,1,21.9
1980,802,18,1,12.9
1981,802,2,1,49.9
1982,803,16,1,64.9
1983,803,17,1,6.9
1984,804,7,2,39.9
1985,804,19,1,149.9
1986,805,8,1,19.9
1987,805,1,1,29.9
1988,805,19,2,149.9
1989,806,11,1,32.9
1990,806,20,1,18.9
1991,807,1,1,29.9
1992,807,3,1,79.9
1993,807,16,1,64.9
1994,808,6,1,89.9
1995,808,10,1,99.9
1996,808,4,1,14.9
1997,808,15,1,54.9
1998,809,8,1,19.9
1999,809,20,2,18.9
2000,810,1,1,29.9
2001,811,19,1,149.9
2002,812,2,1,49.9
2003,812,12,3,24.9
2004,812,8,1,19.9
2005,812,1,1,29.9
2006,813,8,2,19.9
2007,813,1,1,29.9
2008,813,5,1,44.9
2009,814,8,2,19.9
2010,814,5,1,44.9
2011,814,1,3,29.9
2012,814,10,2,99.9
2013,815,19,1,149.9
2014,815,18,2,12.9
2015,815,20,2,18.9
2016,816,6,1,89.9
2017,817,10,1,99.9
2018,817,6,2,89.9
2019,817,13,1,54.9
2020,817,2,2,49.9
2021,818,1,1,29.9
2022,818,5,1,44.9
2023,819,3,1,79.9
2024,819,9,1,24.9
2025,820,20,1,18.9
2026,821,4,1,14.9
2027,821,3,2,79.9
2028,821,12,1,24.9
2029,821,6,1,89.9
2030,822,4,1,14.9
2031,822,6,2,89.9
2032,823,17,1,6.9
2033,824,1,1,29.9
2034,824,12,1,24.9
2035,824,4,1,14.9
2036,824,14,1,21.9
2037,825,18,1,12.9
2038,825,20,2,18.9
2039,825,3,1,79.9
2040,826,16,1,64.9
2041,826,6,1,89.9
2042,826,4,1,14.9
2043,826,13,3,54.9
2044,827,8,2,19.9
2045,827,16,1,64.9
2046,827,18,2,12.9
2047,828,18,3,12.9
2048,829,17,1,6.9
2049,829,19,1,149.9
2050,830,11,1,32.9
2051,830,10,3,99.9
2052,830,2,1,49.9
2053,831,6,1,89.9
2054,831,1,1,29.9
2055,831,2,1,49.9
2056,831,20,1,18.9
2057,832,5,1,44.9
2058,832,20,1,18.9
2059,833,16,1,64.9
2060,833,9,2,24.9
2061,833,7,2,39.9
2062,834,3,1,79.9
2063,835,19,1,149.9
2064,835,7,1,39.9
2065,835,1,1,29.9
2066,836,2,3,49.9
2067,836,7,1,39.9
2068,837,8,1,19.9
2069,837,5,1,44.9
2070,838,5,1,44.9
2071,838,4,1,14.9
2072,838,8,2,19.9
2073,839,17,1,6.9
2074,839,3,2,79.9
2075,840,9,1,24.9
2076,840,13,2,54.9
2077,840,7,1,39.9
2078,840,1,2,29.9
2079,841,15,1,54.9
2080,841,20,1,18.9
2081,842,20,1,18.9
2082,843,3,1,79.9
2083,843,1,3,29.9
2084,844,14,1,21.9
2085,845,16,1,64.9
2086,846,6,1,89.9
2087,847,4,1,14.9
2088,847,1,2,29.9
2089,848,3,1,79.9
2090,848,13,1,54.9
2091,848,19,2,149.9
2092,849,4,1,14.9
2093,849,14,1,21.9
2094,850,13,3,54.9
2095,850,18,1,12.9
2096,850,12,3,24.9
2097,851,15,1,54.9
2098,851,2,2,49.9
2099,851,13,1,54.9
2100,851,8,1,19.9
2101,852,12,1,24.9
2102,852,20,2,18.9
2103,852,2,2,49.9
2104,852,10,1,99.9
2105,853,15,3,54.9
2106,854,7,1,39.9
2107,854,10,1,99.9
2108,854,20,1,18.9
2109,854,8,1,19.9
2110,855,15,1,54.9
2111,855,7,1,39.9
2112,856,14,1,21.9
2113,856,4,3,14.9
2114,857,7,2,39.9
2115,857,14,1,21.9
2116,857,5,2,44.9
2117,858,9,1,24.9
2118,858,5,2,44.9
2119,858,4,1,14.9
2120,859,18,1,12.9
2121,860,20,2,18.9
2122,861,8,2,19.9
2123,861,10,1,99.9
2124,862,9,2,24.9
2125,862,8,2,19.9
2126,862,7,1,39.9
2127,862,11,3,32.9
2128,863,15,1,54.9
2129,863,6,1,89.9
2130,863,12,1,24.9
2131,864,9,2,24.9
2132,864,7,1,39.9
2133,865,3,1,79.9
2134,865,20,1,18.9
2135,866,13,1,54.9
2136,866,1,1,29.9
2137,866,12,1,24.9
2138,866,9,2,24.9
2139,867,16,1,64.9
2140,867,11,1,32.9
2141,867,15,1,54.9
2142,868,11,3,32.9
2143,868,7,1,39.9
2144,868,12,1,24.9
2145,869,13,1,54.9
2146,869,20,2,18.9
2147,869,17,1,6.9
2148,870,5,1,44.9
2149,870,3,1,79.9
2150,870,6,1,89.9
2151,871,19,1,149.9
2152,872,17,1,6.9
2153,872,3,1,79.9
2154,872,11,1,32.9
2155,873,19,1,149.9
2156,873,13,1,54.9
2157,873,20,1,18.9
2158,874,1,2,29.9
2159,874,15,1,54.9
2160,875,12,3,24.9
2161,875,19,1,149.9
2162,876,4,1,14.9
2163,876,10,1,99.9
2164,876,2,1,49.9
2165,876,9,2,24.9
2166,877,4,1,14.9
2167,877,10,2,99.9
2168,877,11,1,32.9
2169,877,19,1,149.9
2170,878,8,1,19.9
2171,878,4,1,14.9
2172,878,1,1,29.9
2173,878,18,2,12.9
2174,879,6,1,89.9
2175,879,5,1,44.9
2176,879,4,1,14.9
2177,880,11,1,32.9
2178,880,6,3,89.9
2179,880,7,1,39.9
2180,881,14,2,21.9
2181,881,17,1,6.9
2182,882,2,1,49.9
2183,882,4,1,14.9
2184,882,16,1,64.9
2185,882,7,2,39.9
2186,883,17,1,6.9
2187,884,5,1,44.9
2188,884,8,1,19.9
2189,884,15,1,54.9
2190,885,14,1,21.9
2191,885,7,1,39.9
2192,885,19,2,149.9
2193,886,12,2,24.9
2194,887,18,1,12.9
2195,887,3,1,79.9
2196,887,1,3,29.9
2197,887,12,1,24.9
2198,888,16,1,64.9
2199,888,6,1,89.9
2200,889,11,1,32.9
2201,889,15,2,54.9
2202,890,14,1,21.9
2203,891,8,2,19.9
2204,891,19,1,149.9
2205,891,4,1,14.9
2206,892,16,3,64.9
2207,893,7,1,39.9
2208,894,20,1,18.9
2209,894,12,1,24.9
2210,894,19,2,149.9
2211,894,5,1,44.9
2212,895,19,2,149.9
2213,895,16,1,64.9
2214,896,20,2,18.9
2215,896,12,1,24.9
2216,896,7,1,39.9
2217,897,8,1,19.9
2218,897,7,1,39.9
2219,897,17,1,6.9
2220,897,6,1,89.9
2221,898,12,1,24.9
2222,898,8,1,19.9
2223,899,17,1,6.9
2224,900,16,1,64.9
2225,901,18,3,12.9
2226,902,17,1,6.9
2227,903,4,1,14.9
2228,903,17,1,6.9
2229,903,6,1,89.9
2230,903,7,1,39.9
2231,904,12,1,24.9
2232,905,18,1,12.9
2233,905,20,1,18.9
2234,906,16,1,64.9
2235,907,9,1,24.9
2236,907,18,1,12.9
2237,907,20,2,18.9
2238,907,13,1,54.9
2239,908,7,1,39.9
2240,908,5,1,44.9
2241,909,4,2,14.9
2242,910,9,1,24.9
2243,910,5,1,44.9
2244,910,12,1,24.9
2245,911,6,1,89.9
2246,911,20,1,18.9
2247,912,13,1,54.9
2248,913,7,2,39.9
2249,913,12,1,24.9
2250,913,2,2,49.9
2251,914,8,1,19.9
2252,914,3,1,79.9
2253,914,4,1,14.9
2254,914,2,1,49.9
2255,915,1,1,29.9
2256,915,16,1,64.9
2257,916,4,1,14.9
2258,916,18,2,12.9
2259,916,11,1,32.9
2260,917,6,2,89.9
2261,917,13,1,54.9
2262,917,2,1,49.9
2263,917,17,2,6.9
2264,918,12,1,24.9
2265,918,13,2,54.9
2266,918,3,1,79.9
2267,918,11,1,32.9
2268,919,6,2,89.9
2269,920,12,1,24.9
2270,921,3,1,79.9
2271,921,20,1,18.9
2272,921,11,1,32.9
2273,922,19,1,149.9
2274,923,19,1,149.9
2275,923,11,1,32.9
2276,924,2,2,49.9
2277,924,16,2,64.9
2278,925,9,1,24.9
2279,926,1,1,29.9
2280,926,3,1,79.9
2281,927,5,1,44.9
2282,928,5,1,44.9
2283,929,19,2,149.9
2284,929,8,1,19.9
2285,930,15,1,54.9
2286,930,18,3,12.9
2287,930,20,1,18.9
2288,930,13,1,54.9
2289,931,16,2,64.9
2290,931,20,3,18.9
2291,931,8,1,19.9
2292,931,3,1,79.9
2293,932,1,1,29.9
2294,932,15,1,54.9
2295,932,11,1,32.9
2296,932,17,1,6.9
2297,933,19,1,149.9
2298,933,10,1,99.9
2299,934,11,3,32.9
2300,934,10,1,99.9
2301,934,7,2,39.9
2302,934,1,1,29.9
2303,935,8,1,19.9
2304,935,4,1,14.9
2305,936,12,2,24.9
2306,937,16,3,64.9
2307,937,13,1,54.9
2308,937,9,1,24.9
2309,938,16,1,64.9
2310,938,1,1,29.9
2311,938,2,1,49.9
2312,939,10,1,99.9
2313,939,20,1,18.9
2314,939,18,1,12.9
2315,939,14,1,21.9
2316,940,3,1,79.9
2317,940,14,1,21.9
2318,940,7,1,39.9
2319,941,9,2,24.9
2320,942,1,1,29.9
2321,943,11,1,32.9
2322,943,8,1,19.9
2323,943,16,1,64.9
2324,944,19,3,149.9
2325,944,14,1,21.9
2326,944,6,1,89.9
2327,945,5,1,44.9
2328,945,19,1,149.9
2329,945,13,1,54.9
2330,946,1,1,29.9
2331,946,6,1,89.9
2332,946,12,1,24.9
2333,946,18,1,12.9
2334,947,10,1,99.9
2335,947,8,2,19.9
2336,947,3,1,79.9
2337,947,11,1,32.9
2338,948,20,2,18.9
2339,948,13,1,54.9
2340,948,12,1,24.9
2341,949,11,1,32.9
2342,949,9,1,24.9
2343,949,10,1,99.9
2344,950,10,1,99.9
2345,951,19,2,149.9
2346,951,20,2,18.9
2347,951,8,1,19.9
2348,951,18,1,12.9
2349,952,8,2,19.9
2350,952,19,1,149.9
2351,952,9,1,24.9
2352,953,5,1,44.9
2353,953,8,1,19.9
2354,954,5,1,44.9
2355,954,16,2,64.9
2356,954,7,1,39.9
2357,954,17,1,6.9
2358,955,19,1,149.9
2359,956,6,1,89.9
2360,957,2,2,49.9
2361,957,16,1,64.9
2362,957,11,1,32.9
2363,957,10,1,99.9
2364,958,12,2,24.9
2365,958,11,1,32.9
2366,958,16,1,64.9
2367,958,5,1,44.9
2368,959,19,1,149.9
2369,959,14,1,21.9
2370,959,10,1,99.9
2371,960,19,2,149.9
2372,960,2,1,49.9
2373,961,4,1,14.9
2374,961,5,2,44.9
2375,961,20,1,18.9
2376,962,12,1,24.9
2377,962,17,1,6.9
2378,962,13,1,54.9
2379,962,7,1,39.9
2380,963,18,2,12.9
2381,964,19,1,149.9
2382,965,9,1,24.9
2383,966,7,1,39.9
2384,966,9,1,24.9
2385,966,11,1,32.9
2386,967,2,2,49.9
2387,967,7,1,39.9
2388,967,10,1,99.9
2389,968,2,1,49.9
2390,968,8,1,19.9
2391,969,9,1,24.9
2392,969,14,1,21.9
2393,970,8,1,19.9
2394,970,15,1,54.9
2395,970,14,2,21.9
2396,971,18,1,12.9
2397,971,1,2,29.9
2398,971,2,1,49.9
2399,971,11,1,32.9
2400,972,5,2,44.9
2401,973,16,1,64.9
2402,974,3,1,79.9
2403,974,15,1,54.9
2404,974,9,1,24.9
2405,975,2,1,49.9
2406,975,5,2,44.9
2407,975,8,1,19.9
2408,976,6,1,89.9
2409,977,14,1,21.9
2410,977,13,2,54.9
2411,977,11,1,32.9
2412,978,7,1,39.9
2413,978,20,3,18.9
2414,979,1,1,29.9
2415,979,5,1,44.9
2416,980,7,1,39.9
2417,981,8,1,19.9
2418,982,9,1,24.9
2419,982,14,1,21.9
2420,983,14,2,21.9
2421,984,1,1,29.9
2422,984,15,1,54.9
2423,984,14,1,21.9
2424,985,8,1,19.9
2425,985,2,1,49.9
2426,985,6,1,89.9
2427,986,8,1,19.9
2428,986,19,1,149.9
2429,987,6,1,89.9
2430,987,8,2,19.9
2431,987,1,2,29.9
2432,987,7,1,39.9
2433,988,15,1,54.9
2434,988,3,1,79.9
2435,988,1,3,29.9
2436,989,10,2,99.9
2437,989,2,1,49.9
2438,990,9,2,24.9
2439,990,18,1,12.9
2440,990,15,1,54.9
2441,990,4,1,14.9
2442,991,14,2,21.9
2443,991,4,1,14.9
2444,991,6,1,89.9
2445,992,18,1,12.9
2446,992,15,1,54.9
2447,993,11,2,32.9
2448,993,17,1,6.9
2449,994,11,2,32.9
2450,994,2,1,49.9
2451,995,13,1,54.9
2452,995,20,1,18.9
2453,995,18,1,12.9
2454,996,8,1,19.9
2455,996,16,1,64.9
2456,997,6,1,89.9
2457,998,3,3,79.9
2458,999,17,1,6.9
2459,1000,8,1,19.9
2460,1001,20,2,18.9
2461,1001,2,2,49.9
2462,1001,3,1,79.9
2463,1001,15,1,54.9
2464,1002,20,1,18.9
2465,1002,5,1,44.9
2466,1003,12,1,24.9
2467,1003,6,2,89.9
2468,1003,11,1,32.9
2469,1004,6,1,89.9
2470,1005,13,1,54.9
2471,1005,9,1,24.9
2472,1005,8,1,19.9
2473,1005,18,2,12.9
2474,1006,5,1,44.9
2475,1006,4,1,14.9
2476,1007,9,2,24.9
2477,1007,19,1,149.9
2478,1007,13,1,54.9
2479,1008,18,2,12.9
2480,1009,10,1,99.9
2481,1009,20,2,18.9
2482,1010,10,1,99.9
2483,1011,17,1,6.9
2484,1011,19,1,149.9
2485,1011,11,1,32.9
2486,1011,1,2,29.9
2487,1012,17,1,6.9
2488,1012,12,1,24.9
2489,1012,3,1,79.9
2490,1012,11,1,32.9
2491,1013,13,1,54.9
2492,1013,14,1,21.9
2493,1014,14,1,21.9
2494,1014,8,2,19.9
2495,1014,9,1,24.9
2496,1015,6,1,89.9
2497,1015,12,1,24.9
2498,1016,13,1,54.9
2499,1017,5,2,44.9
2500,1018,1,1,29.9
2501,1018,12,2,24.9
2502,1019,19,1,149.9
2503,1019,10,1,99.9
2504,1020,7,1,39.9
2505,1020,2,1,49.9
2506,1020,5,1,44.9
2507,1020,11,1,32.9
2508,1021,15,1,54.9
2509,1021,5,1,44.9
2510,1022,6,1,89.9
2511,1022,2,1,49.9
2512,1022,14,1,21.9
2513,1023,18,1,12.9
2514,1024,7,1,39.9
2515,1024,4,1,14.9
2516,1025,2,1,49.9
2517,1026,6,2,89.9
2518,1026,3,1,79.9
2519,1027,4,2,14.9
2520,1027,6,1,89.9
2521,1028,17,1,6.9
2522,1028,4,2,14.9
2523,1028,12,1,24.9
2524,1029,13,2,54.9
2525,1029,10,1,99.9
2526,1029,1,1,29.9
2527,1029,4,1,14.9
2528,1030,13,1,54.9
2529,1031,5,2,44.9
2530,1031,1,1,29.9
2531,1031,2,2,49.9
2532,1032,15,2,54.9
2533,1032,17,1,6.9
2534,1032,16,2,64.9
2535,1032,8,3,19.9
2536,1033,10,1,99.9
2537,1033,13,1,54.9
2538,1033,20,1,18.9
2539,1033,4,1,14.9
2540,1034,20,1,18.9
2541,1035,5,1,44.9
2542,1035,6,1,89.9
2543,1035,3,1,79.9
2544,1035,7,1,39.9
2545,1036,18,1,12.9
2546,1036,7,1,39.9
2547,1036,4,1,14.9
2548,1037,3,1,79.9
2549,1038,5,1,44.9
2550,1038,14,1,21.9
2551,1038,9,1,24.9
2552,1038,17,1,6.9
2553,1039,2,1,49.9
2554,1040,14,1,21.9
2555,1040,20,1,18.9
2556,1040,1,1,29.9
2557,1040,6,1,89.9
2558,1041,18,1,12.9
2559,1041,11,1,32.9
2560,1042,1,1,29.9
2561,1043,11,2,32.9
2562,1044,8,1,19.9
2563,1044,17,1,6.9
2564,1044,20,1,18.9
2565,1045,14,1,21.9
2566,1045,6,1,89.9
2567,1046,2,1,49.9
2568,1047,6,2,89.9
2569,1047,15,1,54.9
2570,1047,14,1,21.9
2571,1047,8,2,19.9
2572,1048,7,2,39.9
2573,1048,20,1,18.9
2574,1048,16,1,64.9
2575,1048,14,1,21.9
2576,1049,6,1,89.9
2577,1049,13,1,54.9
2578,1049,15,3,54.9
2579,1049,4,1,14.9
2580,1050,7,1,39.9
2581,1051,7,1,39.9
2582,1051,8,1,19.9
2583,1052,12,1,24.9
2584,1052,6,1,89.9
2585,1053,17,1,6.9
2586,1054,13,3,54.9
2587,1055,16,1,64.9
2588,1055,13,1,54.9
2589,1055,4,1,14.9
2590,1055,2,1,49.9
2591,1056,18,1,12.9
2592,1057,8,1,19.9
2593,1057,3,1,79.9
2594,1057,5,1,44.9
2595,1058,17,1,6.9
2596,1058,4,1,14.9
2597,1058,12,1,24.9
2598,1058,14,1,21.9
2599,1059,16,3,64.9
2600,1059,6,2,89.9
2601,1059,1,1,29.9
2602,1060,13,2,54.9
2603,1060,12,1,24.9
2604,1060,20,1,18.9
2605,1060,18,2,12.9
2606,1061,11,1,32.9
2607,1061,15,1,54.9
2608,1062,11,1,32.9
2609,1062,20,1,18.9
2610,1063,1,1,29.9
2611,1063,15,1,54.9
2612,1063,10,1,99.9
2613,1063,5,1,44.9
2614,1064,20,1,18.9
2615,1064,14,3,21.9
2616,1065,3,1,79.9
2617,1065,15,1,54.9
2618,1065,13,1,54.9
2619,1066,10,1,99.9
2620,1066,16,2,64.9
2621,1066,9,1,24.9
2622,1066,12,1,24.9
2623,1067,20,2,18.9
2624,1067,17,1,6.9
2625,1068,8,2,19.9
2626,1068,10,1,99.9
2627,1068,15,1,54.9
2628,1068,17,1,6.9
2629,1069,13,1,54.9
2630,1070,9,1,24.9
2631,1071,20,1,18.9
2632,1072,1,2,29.9
2633,1072,11,3,32.9
2634,1072,6,1,89.9
2635,1072,4,1,14.9
2636,1073,2,1,49.9
2637,1073,13,2,54.9
2638,1073,19,1,149.9
2639,1073,10,1,99.9
2640,1074,18,1,12.9
2641,1074,9,2,24.9
2642,1074,12,1,24.9
2643,1075,2,1,49.9
2644,1075,11,1,32.9
2645,1076,20,1,18.9
2646,1076,16,2,64.9
2647,1077,18,1,12.9
2648,1078,1,2,29.9
2649,1078,5,1,44.9
2650,1079,1,1,29.9
2651,1079,2,1,49.9
2652,1079,20,1,18.9
2653,1080,4,1,14.9
2654,1080,19,3,149.9
2655,1080,12,1,24.9
2656,1080,7,1,39.9
2657,1081,19,3,149.9
2658,1081,7,1,39.9
2659,1081,15,2,54.9
2660,1082,14,1,21.9
2661,1082,15,1,54.9
2662,1082,2,1,49.9
2663,1083,4,1,14.9
2664,1084,14,1,21.9
2665,1084,2,1,49.9
2666,1085,14,2,21.9
2667,1085,12,1,24.9
2668,1086,9,1,24.9
2669,1086,10,3,99.9
2670,1087,20,1,18.9
2671,1087,2,1,49.9
2672,1088,14,2,21.9
2673,1088,18,1,12.9
2674,1088,13,1,54.9
2675,1089,13,1,54.9
2676,1090,4,2,14.9
2677,1090,11,1,32.9
2678,1091,16,2,64.9
2679,1091,5,1,44.9
2680,1091,11,2,32.9
2681,1091,14,1,21.9
2682,1092,11,1,32.9
2683,1093,15,1,54.9
2684,1093,1,1,29.9
2685,1093,9,1,24.9
2686,1094,11,1,32.9
2687,1094,12,1,24.9
2688,1094,8,1,19.9
2689,1095,18,1,12.9
2690,1095,8,1,19.9
2691,1096,5,1,44.9
2692,1097,7,1,39.9
2693,1097,4,2,14.9
2694,1097,6,1,89.9
2695,1098,8,1,19.9
2696,1099,3,2,79.9
2697,1099,20,2,18.9
2698,1100,5,1,44.9
2699,1100,15,1,54.9
2700,1101,18,1,12.9
2701,1101,20,1,18.9
2702,1101,8,1,19.9
2703,1102,18,1,12.9
2704,1102,11,1,32.9
2705,1102,6,1,89.9
2706,1103,5,1,44.9
2707,1103,11,3,32.9
2708,1103,4,1,14.9
2709,1104,20,1,18.9
2710,1104,3,1,79.9
2711,1104,15,1,54.9
2712,1105,12,1,24.9
2713,1106,9,1,24.9
2714,1107,9,2,24.9
2715,1107,16,1,64.9
2716,1107,8,1,19.9
2717,1108,10,2,99.9
2718,1108,15,1,54.9
2719,1109,4,1,14.9
2720,1109,15,1,54.9
2721,1109,20,2,18.9
2722,1110,7,1,39.9
2723,1110,9,1,24.9
2724,1110,10,1,99.9
2725,1110,20,1,18.9
2726,1111,4,1,14.9
2727,1111,17,1,6.9
2728,1112,7,1,39.9
2729,1113,14,1,21.9
2730,1113,2,1,49.9
2731,1114,18,1,12.9
2732,1114,3,1,79.9
2733,1115,7,1,39.9
2734,1115,1,1,29.9
2735,1115,10,1,99.9
2736,1115,14,1,21.9
2737,1116,14,2,21.9
2738,1116,11,1,32.9
2739,1116,7,1,39.9
2740,1117,4,1,14.9
2741,1118,12,1,24.9
2742,1119,7,1,39.9
2743,1119,10,1,99.9
2744,1119,9,1,24.9
2745,1119,13,1,54.9
2746,1120,19,1,149.9
2747,1120,13,1,54.9
2748,1121,8,1,19.9
2749,1121,7,1,39.9
2750,1121,13,1,54.9
2751,1122,14,1,21.9
2752,1122,9,1,24.9
2753,1122,11,2,32.9
2754,1122,2,1,49.9
2755,1123,2,1,49.9
2756,1124,16,1,64.9
2757,1124,8,1,19.9
2758,1124,1,2,29.9
2759,1125,6,1,89.9
2760,1125,4,1,14.9
2761,1125,3,1,79.9
2762,1126,6,1,89.9
2763,1126,10,2,99.9
2764,1126,13,2,54.9
2765,1127,20,1,18.9
2766,1127,15,1,54.9
2767,1127,12,2,24.9
2768,1128,11,1,32.9
2769,1128,19,1,149.9
2770,1128,12,1,24.9
2771,1128,17,1,6.9
2772,1129,5,1,44.9
2773,1129,3,1,79.9
2774,1130,5,1,44.9
2775,1131,20,2,18.9
2776,1131,15,1,54.9
2777,1132,19,2,149.9
2778,1132,17,1,6.9
2779,1132,10,1,99.9
2780,1133,9,2,24.9
2781,1134,14,2,21.9
2782,1134,16,1,64.9
2783,1135,17,1,6.9
2784,1135,4,1,14.9
2785,1135,3,1,79.9
2786,1135,6,1,89.9
2787,1136,18,1,12.9
2788,1136,4,3,14.9
2789,1136,3,2,79.9
2790,1136,8,1,19.9
2791,1137,19,1,149.9
2792,1137,1,1,29.9
2793,1137,20,2,18.9
2794,1138,4,1,14.9
2795,1138,15,1,54.9
2796,1139,5,2,44.9
2797,1139,18,1,12.9
2798,1139,14,1,21.9
2799,1140,3,1,79.9
2800,1140,11,1,32.9
2801,1140,17,1,6.9
2802,1141,11,1,32.9
2803,1142,1,2,29.9
2804,1142,4,1,14.9
2805,1142,19,1,149.9
2806,1142,8,2,19.9
2807,1143,19,1,149.9
2808,1143,16,1,64.9
2809,1144,12,1,24.9
2810,1144,4,1,14.9
2811,1144,8,1,19.9
2812,1145,18,1,12.9
2813,1145,4,1,14.9
2814,1145,17,1,6.9
2815,1146,10,1,99.9
2816,1146,7,1,39.9
2817,1147,11,2,32.9
2818,1148,7,2,39.9
2819,1148,13,1,54.9
2820,1148,19,1,149.9
2821,1148,5,1,44.9
2822,1149,19,1,149.9
2823,1149,8,1,19.9
2824,1149,7,1,39.9
2825,1149,12,1,24.9
2826,1150,14,1,21.9
2827,1150,3,1,79.9
2828,1150,12,1,24.9
2829,1151,11,2,32.9
2830,1152,8,1,19.9
2831,1152,19,2,149.9
2832,1152,16,1,64.9
2833,1152,6,1,89.9
2834,1153,13,1,54.9
2835,1153,2,2,49.9
2836,1154,16,1,64.9
2837,1154,20,1,18.9
2838,1155,18,3,12.9
2839,1155,14,1,21.9
2840,1156,1,1,29.9
2841,1156,11,1,32.9
2842,1156,8,2,19.9
2843,1156,10,1,99.9
2844,1157,3,3,79.9
2845,1157,2,1,49.9
2846,1157,4,2,14.9
2847,1157,15,1,54.9
2848,1158,14,3,21.9
2849,1158,9,3,24.9
2850,1158,2,1,49.9
2851,1159,5,1,44.9
2852,1160,1,1,29.9
2853,1160,9,1,24.9
2854,1161,5,1,44.9
2855,1161,17,1,6.9
2856,1161,4,1,14.9
2857,1161,9,1,24.9
2858,1162,19,2,149.9
2859,1162,11,2,32.9
2860,1163,19,1,149.9
2861,1163,2,1,49.9
2862,1163,14,2,21.9
2863,1163,16,1,64.9
2864,1164,19,1,149.9
2865,1165,20,2,18.9
2866,1165,17,2,6.9
2867,1165,15,2,54.9
2868,1166,4,1,14.9
2869,1166,8,2,19.9
2870,1166,11,1,32.9
2871,1167,4,1,14.9
2872,1167,15,3,54.9
2873,1167,9,2,24.9
2874,1167,7,3,39.9
2875,1168,4,2,14.9
2876,1169,2,2,49.9
2877,1169,7,1,39.9
2878,1169,10,2,99.9
2879,1170,17,1,6.9
2880,1171,15,1,54.9
2881,1171,12,1,24.9
2882,1171,17,1,6.9
2883,1171,8,1,19.9
2884,1172,9,1,24.9
2885,1173,20,1,18.9
2886,1174,12,1,24.9
2887,1175,1,1,29.9
2888,1175,6,1,89.9
2889,1175,18,2,12.9
2890,1175,5,3,44.9
2891,1176,3,2,79.9
2892,1176,6,1,89.9
2893,1176,8,1,19.9
2894,1177,15,1,54.9
2895,1177,20,2,18.9
2896,1177,5,1,44.9
2897,1178,16,1,64.9
2898,1179,4,1,14.9
2899,1179,19,1,149.9
2900,1179,7,2,39.9
2901,1180,2,1,49.9
2902,1181,4,2,14.9
2903,1181,5,1,44.9
2904,1181,19,1,149.9
2905,1182,5,1,44.9
2906,1182,13,1,54.9
2907,1182,9,1,24.9
2908,1182,14,1,21.9
2909,1183,5,1,44.9
2910,1183,6,2,89.9
2911,1183,10,1,99.9
2912,1184,6,1,89.9
2913,1184,14,1,21.9
2914,1185,2,1,49.9
2915,1186,17,1,6.9
2916,1186,14,1,21.9
2917,1186,4,1,14.9
2918,1186,13,1,54.9
2919,1187,2,2,49.9
2920,1187,5,1,44.9
2921,1188,8,1,19.9
2922,1188,13,1,54.9
2923,1188,14,1,21.9
2924,1189,18,1,12.9
2925,1189,19,1,149.9
2926,1189,1,1,29.9
2927,1189,20,1,18.9
2928,1190,8,1,19.9
2929,1190,5,1,44.9
2930,1190,11,1,32.9
2931,1190,1,1,29.9
2932,1191,15,1,54.9
2933,1192,4,1,14.9
2934,1193,19,2,149.9
2935,1193,2,1,49.9
2936,1193,17,1,6.9
2937,1193,16,1,64.9
2938,1194,9,1,24.9
2939,1195,14,1,21.9
2940,1195,4,1,14.9
2941,1195,16,2,64.9
2942,1196,16,2,64.9
2943,1197,9,1,24.9
2944,1197,10,3,99.9
2945,1197,8,2,19.9
2946,1197,14,2,21.9
2947,1198,5,1,44.9
2948,1198,6,1,89.9
2949,1198,12,1,24.9
2950,1199,6,2,89.9
2951,1199,7,1,39.9
2952,1199,9,1,24.9
2953,1200,19,1,149.9
2954,1201,16,1,64.9
2955,1201,6,1,89.9
2956,1201,13,1,54.9
2957,1201,1,1,29.9
2958,1202,8,2,19.9
2959,1203,14,1,21.9
2960,1203,3,1,79.9
2961,1203,15,3,54.9
2962,1203,10,1,99.9
2963,1204,12,1,24.9
2964,1204,19,1,149.9
2965,1204,18,1,12.9
2966,1205,19,1,149.9
2967,1206,18,1,12.9
2968,1206,19,1,149.9
2969,1206,3,2,79.9
2970,1207,20,1,18.9
2971,1207,18,1,12.9
2972,1207,14,2,21.9
2973,1208,5,3,44.9
2974,1208,7,2,39.9
2975,1208,15,1,54.9
2976,1208,13,1,54.9
2977,1209,9,1,24.9
2978,1209,1,1,29.9
2979,1209,17,3,6.9
2980,1209,8,3,19.9
2981,1210,19,1,149.9
2982,1211,20,1,18.9
2983,1211,19,1,149.9
2984,1211,5,1,44.9
2985,1212,13,2,54.9
2986,1212,5,2,44.9
2987,1213,9,1,24.9
2988,1213,18,1,12.9
2989,1214,2,1,49.9
2990,1214,17,3,6.9
2991,1214,6,1,89.9
2992,1214,4,1,14.9
2993,1215,5,1,44.9
2994,1215,1,3,29.9
2995,1216,16,2,64.9
2996,1216,5,1,44.9
2997,1217,1,1,29.9
2998,1217,7,1,39.9
2999,1217,19,1,149.9
3000,1218,8,1,19.9
3001,1218,10,1,99.9
3002,1218,13,1,54.9
3003,1218,15,1,54.9
3004,1219,4,1,14.9
3005,1220,1,1,29.9
3006,1220,20,1,18.9
3007,1220,3,1,79.9
3008,1220,13,1,54.9
3009,1221,7,1,39.9
3010,1221,15,1,54.9
3011,1221,18,1,12.9
3012,1221,19,1,149.9
3013,1222,10,2,99.9
3014,1222,18,2,12.9
3015,1222,3,1,79.9
3016,1223,9,1,24.9
3017,1223,13,2,54.9
3018,1223,8,2,19.9
3019,1223,2,3,49.9
3020,1224,8,1,19.9
3021,1224,20,1,18.9
3022,1224,14,2,21.9
3023,1225,3,1,79.9
3024,1225,4,1,14.9
3025,1225,17,1,6.9
3026,1225,20,1,18.9
3027,1226,11,2,32.9
3028,1226,17,3,6.9
3029,1226,5,1,44.9
3030,1227,7,1,39.9
3031,1228,3,1,79.9
3032,1229,8,1,19.9
3033,1229,9,1,24.9
3034,1229,14,1,21.9
3035,1230,10,2,99.9
3036,1230,19,1,149.9
3037,1230,9,1,24.9
3038,1231,4,1,14.9
3039,1232,9,2,24.9
3040,1232,1,1,29.9
3041,1233,17,1,6.9
3042,1234,8,1,19.9
3043,1234,17,2,6.9
3044,1235,1,1,29.9
3045,1235,5,1,44.9
3046,1235,13,1,54.9
3047,1236,16,1,64.9
3048,1237,5,2,44.9
3049,1237,15,1,54.9
3050,1237,8,3,19.9
3051,1238,10,3,99.9
3052,1238,6,1,89.9
3053,1238,8,1,19.9
3054,1238,12,1,24.9
3055,1239,18,3,12.9
3056,1240,4,1,14.9
3057,1240,18,2,12.9
3058,1240,20,1,18.9
3059,1241,12,1,24.9
3060,1241,19,2,149.9
3061,1241,1,1,29.9
3062,1242,2,1,49.9
3063,1243,8,1,19.9
3064,1243,2,1,49.9
3065,1244,3,1,79.9
3066,1245,17,1,6.9
3067,1245,5,1,44.9
3068,1246,7,1,39.9
3069,1246,5,3,44.9
3070,1247,3,1,79.9
3071,1247,12,2,24.9
3072,1247,20,2,18.9
3073,1247,5,1,44.9
3074,1248,16,1,64.9
3075,1249,11,1,32.9
3076,1249,8,1,19.9
3077,1249,9,2,24.9
3078,1249,10,1,99.9
3079,1250,15,3,54.9
3080,1250,14,2,21.9
3081,1251,13,1,54.9
3082,1251,1,1,29.9
3083,1251,4,1,14.9
3084,1252,7,1,39.9
3085,1252,10,1,99.9
3086,1252,16,3,64.9
3087,1252,5,1,44.9
3088,1253,18,2,12.9
3089,1253,6,1,89.9
3090,1253,19,1,149.9
3091,1253,11,1,32.9
3092,1254,13,3,54.9
3093,1254,15,1,54.9
3094,1255,13,2,54.9
3095,1255,12,1,24.9
3096,1255,20,1,18.9
3097,1255,5,2,44.9
3098,1256,14,2,21.9
3099,1256,18,1,12.9
3100,1256,15,1,54.9
3101,1256,17,1,6.9
3102,1257,6,1,89.9
3103,1258,12,1,24.9
3104,1258,1,3,29.9
3105,1259,17,1,6.9
3106,1260,10,1,99.9
3107,1260,5,1,44.9
3108,1260,19,1,149.9
3109,1260,8,1,19.9
3110,1261,13,1,54.9
3111,1261,18,1,12.9
3112,1261,5,1,44.9
3113,1261,4,2,14.9
3114,1262,6,1,89.9
3115,1262,12,1,24.9
3116,1262,9,3,24.9
3117,1263,10,1,99.9
3118,1263,3,1,79.9
3119,1263,4,1,14.9
3120,1264,18,1,12.9
3121,1264,20,1,18.9
3122,1265,1,1,29.9
3123,1265,14,1,21.9
3124,1266,17,1,6.9
3125,1266,20,1,18.9
3126,1266,6,1,89.9
3127,1267,18,1,12.9
3128,1267,1,2,29.9
3129,1267,13,1,54.9
3130,1267,20,1,18.9
3131,1268,2,1,49.9
3132,1269,12,1,24.9
3133,1269,10,1,99.9
3134,1270,6,1,89.9
3135,1271,4,1,14.9
3136,1272,10,1,99.9
3137,1273,1,1,29.9
3138,1273,8,1,19.9
3139,1273,16,2,64.9
3140,1273,5,1,44.9
3141,1274,7,1,39.9
3142,1275,4,1,14.9
3143,1275,15,1,54.9
3144,1276,3,1,79.9
3145,1277,2,1,49.9
3146,1277,1,2,29.9
3147,1277,7,2,39.9
3148,1278,4,1,14.9
3149,1278,16,1,64.9
3150,1279,18,2,12.9
3151,1279,14,2,21.9
3152,1279,2,2,49.9
3153,1279,4,1,14.9
3154,1280,20,1,18.9
3155,1280,2,1,49.9
3156,1280,17,1,6.9
3157,1281,17,1,6.9
3158,1281,11,1,32.9
3159,1281,12,3,24.9
3160,1281,1,1,29.9
3161,1282,17,1,6.9
3162,1282,6,2,89.9
3163,1282,4,1,14.9
3164,1283,17,2,6.9
3165,1283,1,1,29.9
3166,1283,16,1,64.9
3167,1283,5,1,44.9
3168,1284,14,1,21.9
3169,1285,18,1,12.9
3170,1286,20,1,18.9
3171,1287,5,1,44.9
3172,1287,7,2,39.9
3173,1288,9,1,24.9
3174,1288,16,1,64.9
3175,1288,19,2,149.9
3176,1288,4,1,14.9
3177,1289,18,2,12.9
3178,1289,4,1,14.9
3179,1289,1,1,29.9
3180,1289,6,1,89.9
3181,1290,12,1,24.9
3182,1290,15,1,54.9
3183,1290,17,1,6.9
3184,1291,7,2,39.9
3185,1291,5,3,44.9
3186,1291,20,1,18.9
3187,1292,13,1,54.9
3188,1293,20,2,18.9
3189,1293,13,1,54.9
3190,1293,18,1,12.9
3191,1293,12,1,24.9
3192,1294,12,1,24.9
3193,1294,3,2,79.9
3194,1294,14,2,21.9
3195,1294,4,1,14.9
3196,1295,3,1,79.9
3197,1295,11,1,32.9
3198,1296,10,1,99.9
3199,1296,5,2,44.9
3200,1296,13,1,54.9
3201,1296,3,1,79.9
3202,1297,6,1,89.9
3203,1297,10,1,99.9
3204,1297,7,1,39.9
3205,1298,19,1,149.9
3206,1298,5,2,44.9
3207,1299,8,1,19.9
3208,1300,4,2,14.9
3209,1300,14,1,21.9
3210,1300,3,1,79.9
3211,1301,4,2,14.9
3212,1301,12,1,24.9
3213,1302,18,1,12.9
3214,1302,13,2,54.9
3215,1302,10,1,99.9
3216,1303,8,1,19.9
3217,1303,10,1,99.9
3218,1303,18,1,12.9
3219,1304,9,2,24.9
3220,1305,9,2,24.9
3221,1305,5,1,44.9
3222,1305,16,1,64.9
3223,1305,17,3,6.9
3224,1306,16,1,64.9
3225,1306,8,1,19.9
3226,1306,18,2,12.9
3227,1307,5,1,44.9
3228,1308,15,2,54.9
3229,1309,4,1,14.9
3230,1309,5,2,44.9
3231,1309,8,1,19.9
3232,1310,11,1,32.9
3233,1311,13,2,54.9
3234,1311,2,2,49.9
3235,1312,6,1,89.9
3236,1312,8,2,19.9
3237,1312,13,1,54.9
3238,1312,1,1,29.9
3239,1313,9,1,24.9
3240,1313,14,1,21.9
3241,1313,15,1,54.9
3242,1314,1,1,29.9
3243,1315,17,1,6.9
3244,1316,13,1,54.9
3245,1316,9,1,24.9
3246,1316,16,1,64.9
3247,1317,7,1,39.9
3248,1318,10,1,99.9
3249,1318,8,1,19.9
3250,1318,17,1,6.9
3251,1319,10,1,99.9
3252,1320,15,1,54.9
3253,1320,6,1,89.9
3254,1320,13,1,54.9
3255,1321,17,1,6.9
3256,1321,13,1,54.9
3257,1321,5,1,44.9
3258,1321,15,1,54.9
3259,1322,14,1,21.9
3260,1322,9,2,24.9
3261,1322,5,1,44.9
3262,1322,1,1,29.9
3263,1323,7,2,39.9
3264,1324,18,1,12.9
3265,1324,13,1,54.9
3266,1325,20,2,18.9
3267,1325,5,1,44.9
3268,1325,7,1,39.9
3269,1326,20,2,18.9
3270,1326,2,1,49.9
3271,1326,14,2,21.9
3272,1326,1,3,29.9
3273,1327,6,1,89.9
3274,1327,2,2,49.9
3275,1328,9,1,24.9
3276,1328,1,1,29.9
3277,1329,16,1,64.9
3278,1329,7,1,39.9
3279,1330,20,3,18.9
3280,1330,15,2,54.9
3281,1330,14,1,21.9
3282,1331,14,1,21.9
3283,1331,15,1,54.9
3284,1331,2,2,49.9
3285,1332,11,1,32.9
3286,1332,12,1,24.9
3287,1332,9,1,24.9
3288,1332,6,1,89.9
3289,1333,5,1,44.9
3290,1333,6,1,89.9
3291,1333,16,2,64.9
3292,1334,7,1,39.9
3293,1334,6,1,89.9
3294,1334,2,1,49.9
3295,1334,19,1,149.9
3296,1335,15,2,54.9
3297,1336,14,1,21.9
3298,1336,4,1,14.9
3299,1336,16,1,64.9
3300,1336,19,1,149.9
3301,1337,4,2,14.9
3302,1337,10,1,99.9
3303,1337,9,1,24.9
3304,1338,12,1,24.9
3305,1339,14,3,21.9
3306,1340,7,1,39.9
3307,1341,6,2,89.9
3308,1341,1,1,29.9
3309,1342,4,3,14.9
3310,1343,6,1,89.9
3311,1343,13,1,54.9
3312,1343,9,1,24.9
3313,1344,3,1,79.9
3314,1345,7,2,39.9
3315,1346,13,2,54.9
3316,1347,2,1,49.9
3317,1347,11,1,32.9
3318,1347,1,1,29.9
3319,1347,20,2,18.9
3320,1348,9,1,24.9
3321,1348,20,1,18.9
3322,1349,15,1,54.9
3323,1350,15,2,54.9
3324,1350,14,1,21.9
3325,1350,8,1,19.9
3326,1351,13,2,54.9
3327,1352,9,2,24.9
3328,1352,2,1,49.9
3329,1352,6,1,89.9
3330,1353,4,1,14.9
3331,1353,8,1,19.9
3332,1353,19,3,149.9
3333,1354,6,2,89.9
3334,1354,18,1,12.9
3335,1354,3,1,79.9
3336,1354,20,1,18.9
3337,1355,10,3,99.9
3338,1356,2,1,49.9
3339,1356,5,1,44.9
3340,1356,14,2,21.9
3341,1356,18,1,12.9
3342,1357,18,1,12.9
3343,1357,10,1,99.9
3344,1358,9,1,24.9
3345,1358,19,1,149.9
3346,1358,12,2,24.9
3347,1358,1,1,29.9
3348,1359,14,1,21.9
3349,1360,14,1,21.9
3350,1360,1,1,29.9
3351,1360,6,1,89.9
3352,1361,19,3,149.9
3353,1362,20,1,18.9
3354,1362,2,2,49.9
3355,1363,10,1,99.9
3356,1363,8,1,19.9
3357,1363,2,2,49.9
3358,1364,6,1,89.9
3359,1364,20,1,18.9
3360,1365,6,3,89.9
3361,1365,1,1,29.9
3362,1366,2,1,49.9
3363,1367,11,1,32.9
3364,1367,12,2,24.9
3365,1367,2,1,49.9
3366,1368,10,1,99.9
3367,1368,11,1,32.9
3368,1368,2,1,49.9
3369,1369,7,1,39.9
3370,1369,20,1,18.9
3371,1369,8,2,19.9
3372,1370,6,1,89.9
3373,1370,19,1,149.9
3374,1370,14,1,21.9
3375,1370,5,1,44.9
3376,1371,4,2,14.9
3377,1371,5,2,44.9
3378,1372,3,1,79.9
3379,1372,6,1,89.9
3380,1372,2,1,49.9
3381,1373,20,1,18.9
3382,1373,5,1,44.9
3383,1373,2,1,49.9
3384,1374,3,1,79.9
3385,1374,16,1,64.9
3386,1375,6,1,89.9
3387,1375,3,1,79.9
3388,1375,1,2,29.9
3389,1376,19,1,149.9
3390,1377,11,1,32.9
3391,1377,4,1,14.9
3392,1377,5,1,44.9
3393,1377,6,1,89.9
3394,1378,13,2,54.9
3395,1378,5,2,44.9
3396,1379,16,1,64.9
3397,1379,11,1,32.9
3398,1379,5,2,44.9
3399,1380,13,1,54.9
3400,1380,4,2,14.9
3401,1380,5,1,44.9
3402,1381,8,1,19.9
3403,1381,1,2,29.9
3404,1381,19,2,149.9
3405,1381,6,1,89.9
3406,1382,9,1,24.9
3407,1382,2,1,49.9
3408,1383,12,1,24.9
3409,1384,12,1,24.9
3410,1384,1,1,29.9
3411,1384,11,2,32.9
3412,1385,19,1,149.9
3413,1386,8,2,19.9
3414,1386,2,1,49.9
3415,1386,17,1,6.9
3416,1387,9,1,24.9
3417,1387,15,1,54.9
3418,1388,5,1,44.9
3419,1388,20,1,18.9
3420,1388,3,2,79.9
3421,1389,18,1,12.9
3422,1389,4,3,14.9
3423,1389,6,1,89.9
3424,1390,16,1,64.9
3425,1390,2,2,49.9
3426,1390,14,1,21.9
3427,1390,20,1,18.9
3428,1391,6,1,89.9
3429,1391,19,1,149.9
3430,1392,4,1,14.9
3431,1392,12,1,24.9
3432,1392,2,1,49.9
3433,1393,14,2,21.9
3434,1393,9,1,24.9
3435,1393,2,1,49.9
3436,1394,17,2,6.9
3437,1394,20,1,18.9
3438,1394,7,3,39.9
3439,1395,14,1,21.9
3440,1395,16,1,64.9
3441,1395,5,1,44.9
3442,1396,13,1,54.9
3443,1396,16,2,64.9
3444,1396,5,1,44.9
3445,1397,11,1,32.9
3446,1397,12,1,24.9
3447,1398,18,1,12.9
3448,1398,6,2,89.9
3449,1399,4,1,14.9
3450,1400,13,1,54.9
3451,1400,6,1,89.9
3452,1400,10,1,99.9
3453,1401,6,2,89.9
3454,1401,1,1,29.9
3455,1401,3,1,79.9
3456,1402,3,1,79.9
3457,1402,10,2,99.9
3458,1402,6,1,89.9
3459,1403,13,1,54.9
3460,1403,6,1,89.9
3461,1403,15,1,54.9
3462,1403,2,2,49.9
3463,1404,2,1,49.9
3464,1404,19,1,149.9
3465,1404,12,1,24.9
3466,1405,2,1,49.9
3467,1405,1,1,29.9
3468,1405,8,2,19.9
3469,1406,8,2,19.9
3470,1406,12,1,24.9
3471,1407,5,1,44.9
3472,1407,6,1,89.9
3473,1408,19,1,149.9
3474,1409,2,1,49.9
3475,1410,17,1,6.9
3476,1411,2,1,49.9
3477,1411,11,2,32.9
3478,1411,13,1,54.9
3479,1411,9,2,24.9
3480,1412,16,3,64.9
3481,1413,13,1,54.9
3482,1413,10,1,99.9
3483,1414,1,1,29.9
3484,1414,20,1,18.9
3485,1414,11,1,32.9
3486,1415,15,2,54.9
3487,1416,8,1,19.9
3488,1416,4,2,14.9
3489,1417,14,1,21.9
3490,1417,4,2,14.9
3491,1418,10,1,99.9
3492,1418,3,2,79.9
3493,1418,14,1,21.9
3494,1419,12,2,24.9
3495,1419,9,1,24.9
3496,1419,10,1,99.9
3497,1419,4,1,14.9
3498,1420,17,2,6.9
3499,1420,12,2,24.9
3500,1420,16,1,64.9
3501,1420,14,1,21.9
3502,1421,20,1,18.9
3503,1421,10,1,99.9
3504,1421,6,1,89.9
3505,1422,3,1,79.9
3506,1422,16,1,64.9
3507,1422,11,1,32.9
3508,1422,18,1,12.9
3509,1423,20,1,18.9
3510,1423,19,1,149.9
3511,1423,7,2,39.9
3512,1423,6,1,89.9
3513,1424,15,1,54.9
3514,1424,10,1,99.9
3515,1425,6,1,89.9
3516,1425,8,1,19.9
3517,1425,9,1,24.9
3518,1425,12,2,24.9
3519,1426,15,1,54.9
3520,1426,19,2,149.9
3521,1426,1,2,29.9
3522,1427,8,1,19.9
3523,1427,13,1,54.9
3524,1427,5,1,44.9
3525,1428,6,1,89.9
3526,1428,7,1,39.9
3527,1428,17,1,6.9
3528,1428,14,3,21.9
3529,1429,20,1,18.9
3530,1430,11,1,32.9
3531,1430,16,1,64.9
3532,1430,9,1,24.9
3533,1431,19,1,149.9
3534,1431,1,1,29.9
3535,1431,2,1,49.9
3536,1432,14,1,21.9
3537,1432,2,1,49.9
3538,1432,10,1,99.9
3539,1433,10,1,99.9
3540,1434,9,1,24.9
3541,1434,7,1,39.9
3542,1434,15,1,54.9
3543,1435,12,2,24.9
3544,1435,14,1,21.9
3545,1435,9,2,24.9
3546,1435,19,2,149.9
3547,1436,18,2,12.9
3548,1436,3,1,79.9
3549,1436,12,1,24.9
3550,1436,10,1,99.9
3551,1437,2,1,49.9
3552,1438,6,2,89.9
3553,1438,19,1,149.9
3554,1438,4,1,14.9
3555,1438,1,1,29.9
3556,1439,1,1,29.9
3557,1439,10,2,99.9
3558,1439,8,1,19.9
3559,1439,12,2,24.9
3560,1440,8,1,19.9
3561,1440,15,1,54.9
3562,1441,7,1,39.9
3563,1441,1,1,29.9
3564,1442,1,1,29.9
3565,1442,13,2,54.9
3566,1443,18,2,12.9
3567,1444,6,1,89.9
3568,1444,14,2,21.9
3569,1445,3,1,79.9
3570,1445,1,1,29.9
3571,1445,17,1,6.9
3572,1446,17,1,6.9
3573,1446,11,2,32.9
3574,1447,13,1,54.9
3575,1448,19,1,149.9
3576,1448,14,1,21.9
3577,1449,17,2,6.9
3578,1449,20,3,18.9
3579,1450,11,2,32.9
3580,1451,1,1,29.9
3581,1451,10,1,99.9
3582,1451,5,1,44.9
3583,1452,18,1,12.9
3584,1452,14,1,21.9
3585,1452,3,1,79.9
3586,1453,14,1,21.9
3587,1454,2,1,49.9
3588,1454,3,1,79.9
3589,1455,16,1,64.9
3590,1456,17,1,6.9
3591,1456,3,1,79.9
3592,1457,16,1,64.9
3593,1457,4,1,14.9
3594,1458,7,1,39.9
3595,1458,8,1,19.9
3596,1458,15,2,54.9
3597,1459,10,1,99.9
3598,1459,9,1,24.9
3599,1459,6,1,89.9
3600,1459,13,1,54.9
3601,1460,3,3,79.9
3602,1460,8,1,19.9
3603,1461,4,1,14.9
3604,1462,15,1,54.9
3605,1462,1,1,29.9
3606,1462,13,1,54.9
3607,1462,6,1,89.9
3608,1463,9,3,24.9
3609,1463,17,1,6.9
3610,1463,6,1,89.9
3611,1464,8,2,19.9
3612,1464,2,1,49.9
3613,1464,5,2,44.9
3614,1465,15,1,54.9
3615,1466,14,1,21.9
3616,1467,13,1,54.9
3617,1468,8,2,19.9
3618,1468,4,1,14.9
3619,1468,11,2,32.9
3620,1469,4,1,14.9
3621,1470,19,1,149.9
3622,1470,5,1,44.9
3623,1470,17,2,6.9
3624,1471,4,1,14.9
3625,1472,14,1,21.9
3626,1472,10,2,99.9
3627,1473,1,1,29.9
3628,1473,17,1,6.9
3629,1474,15,1,54.9
3630,1475,17,1,6.9
3631,1475,6,1,89.9
3632,1476,10,2,99.9
3633,1476,20,1,18.9
3634,1477,1,1,29.9
3635,1478,19,1,149.9
3636,1478,6,1,89.9
3637,1478,15,1,54.9
3638,1479,14,2,21.9
3639,1480,20,2,18.9
3640,1481,4,1,14.9
3641,1481,6,1,89.9
3642,1481,16,1,64.9
3643,1481,13,1,54.9
3644,1482,8,1,19.9
3645,1483,2,1,49.9
3646,1483,6,2,89.9
3647,1483,14,1,21.9
3648,1483,7,1,39.9
3649,1484,6,1,89.9
3650,1484,9,2,24.9
3651,1484,11,2,32.9
3652,1484,17,1,6.9
3653,1485,10,2,99.9
3654,1486,10,1,99.9
3655,1486,6,1,89.9
3656,1487,20,3,18.9
3657,1487,1,1,29.9
3658,1487,3,1,79.9
3659,1487,5,1,44.9
3660,1488,19,2,149.9
3661,1488,15,2,54.9
3662,1488,13,1,54.9
3663,1489,15,1,54.9
3664,1489,1,1,29.9
3665,1489,5,2,44.9
3666,1489,10,2,99.9
3667,1490,2,1,49.9
3668,1490,12,2,24.9
3669,1490,19,1,149.9
3670,1491,18,2,12.9
3671,1492,9,2,24.9
3672,1492,1,2,29.9
3673,1492,8,1,19.9
3674,1493,4,2,14.9
3675,1493,12,1,24.9
3676,1494,8,2,19.9
3677,1494,17,1,6.9
3678,1494,12,1,24.9
3679,1494,9,1,24.9
3680,1495,8,1,19.9
3681,1495,14,1,21.9
3682,1496,20,1,18.9
3683,1496,17,1,6.9
3684,1496,14,1,21.9
3685,1496,10,1,99.9
3686,1497,6,1,89.9
3687,1497,5,1,44.9
3688,1497,2,1,49.9
3689,1497,9,3,24.9
3690,1498,1,1,29.9
3691,1498,13,1,54.9
3692,1499,19,1,149.9
3693,1499,20,1,18.9
3694,1499,14,1,21.9
3695,1499,6,1,89.9
3696,1500,19,1,149.9
3697,1500,18,1,12.9
3698,1501,13,1,54.9
3699,1501,18,1,12.9
3700,1501,17,1,6.9
3701,1501,15,2,54.9
3702,1502,1,1,29.9
3703,1502,10,1,99.9
3704,1502,4,1,14.9
3705,1502,8,2,19.9
3706,1503,20,1,18.9
3707,1503,8,1,19.9
3708,1503,4,1,14.9
3709,1504,5,3,44.9
3710,1505,1,1,29.9
3711,1505,20,1,18.9
3712,1505,19,3,149.9
3713,1505,3,1,79.9
3714,1506,5,2,44.9
3715,1506,3,2,79.9
3716,1506,10,1,99.9
3717,1506,8,1,19.9
3718,1507,10,1,99.9
3719,1507,4,1,14.9
3720,1508,11,1,32.9
3721,1508,5,1,44.9
3722,1508,18,1,12.9
3723,1508,16,1,64.9
3724,1509,10,2,99.9
3725,1509,6,1,89.9
3726,1509,5,3,44.9
3727,1509,20,1,18.9
3728,1510,17,1,6.9
3729,1511,8,3,19.9
3730,1511,1,1,29.9
3731,1511,16,2,64.9
3732,1512,20,2,18.9
3733,1513,5,1,44.9
3734,1513,19,2,149.9
3735,1513,18,1,12.9
3736,1513,2,1,49.9
3737,1514,3,1,79.9
3738,1515,8,1,19.9
3739,1515,1,1,29.9
3740,1515,15,2,54.9
3741,1516,19,2,149.9
3742,1516,11,1,32.9
3743,1516,16,1,64.9
3744,1516,5,3,44.9
3745,1517,1,2,29.9
3746,1517,10,1,99.9
3747,1517,8,1,19.9
3748,1518,11,3,32.9
3749,1518,8,1,19.9
3750,1519,20,1,18.9
3751,1519,11,1,32.9
3752,1519,13,1,54.9
3753,1519,4,1,14.9
3754,1520,16,3,64.9
3755,1521,2,1,49.9
3756,1521,8,1,19.9
3757,1521,14,1,21.9
3758,1522,5,1,44.9
3759,1523,19,1,149.9
3760,1524,7,1,39.9
3761,1524,20,1,18.9
3762,1524,15,2,54.9
3763,1524,2,2,49.9
3764,1525,9,1,24.9
3765,1525,15,1,54.9
3766,1525,10,1,99.9
3767,1526,1,2,29.9
3768,1526,15,2,54.9
3769,1526,18,1,12.9
3770,1526,14,1,21.9
3771,1527,16,1,64.9
3772,1528,20,1,18.9
3773,1529,2,1,49.9
3774,1529,18,1,12.9
3775,1529,12,1,24.9
3776,1529,3,2,79.9
3777,1530,3,1,79.9
3778,1530,9,3,24.9
3779,1530,12,1,24.9
3780,1531,18,2,12.9
3781,1532,12,1,24.9
3782,1533,4,1,14.9
3783,1534,9,1,24.9
3784,1534,20,1,18.9
3785,1534,13,2,54.9
3786,1534,12,1,24.9
3787,1535,16,1,64.9
3788,1535,1,1,29.9
3789,1535,2,2,49.9
3790,1535,10,1,99.9
3791,1536,11,1,32.9
3792,1536,10,3,99.9
3793,1536,4,3,14.9
3794,1537,20,1,18.9
3795,1537,18,1,12.9
3796,1538,7,1,39.9
3797,1539,6,1,89.9
3798,1539,2,2,49.9
3799,1539,8,1,19.9
3800,1539,17,1,6.9
3801,1540,1,1,29.9
3802,1540,15,1,54.9
3803,1540,18,1,12.9
3804,1541,3,1,79.9
3805,1541,13,1,54.9
3806,1541,10,1,99.9
3807,1542,8,1,19.9
3808,1542,11,1,32.9
3809,1543,7,1,39.9
3810,1544,10,2,99.9
3811,1544,9,2,24.9
3812,1544,1,2,29.9
3813,1544,17,2,6.9
3814,1545,2,3,49.9
3815,1545,17,1,6.9
3816,1545,18,1,12.9
3817,1545,16,3,64.9
3818,1546,20,1,18.9
3819,1547,18,2,12.9
3820,1548,8,1,19.9
3821,1548,3,2,79.9
3822,1548,19,1,149.9
3823,1549,13,1,54.9
3824,1549,4,1,14.9
3825,1549,19,1,149.9
3826,1549,11,1,32.9
3827,1550,8,1,19.9
3828,1550,6,1,89.9
3829,1550,4,1,14.9
3830,1550,18,1,12.9
3831,1551,5,1,44.9
3832,1551,1,1,29.9
3833,1552,1,1,29.9
3834,1552,16,1,64.9
3835,1552,19,1,149.9
3836,1552,9,1,24.9
3837,1553,18,1,12.9
3838,1554,7,1,39.9
3839,1554,3,1,79.9
3840,1555,3,1,79.9
3841,1555,19,1,149.9
3842,1555,11,2,32.9
3843,1555,8,2,19.9
3844,1556,5,1,44.9
3845,1556,14,2,21.9
3846,1556,6,1,89.9
3847,1556,8,1,19.9
3848,1557,1,1,29.9
3849,1557,5,1,44.9
3850,1558,1,1,29.9
3851,1558,5,1,44.9
3852,1558,12,1,24.9
3853,1559,13,1,54.9
3854,1559,17,1,6.9
3855,1560,13,1,54.9
3856,1561,13,1,54.9
3857,1561,8,1,19.9
3858,1561,14,1,21.9
3859,1561,1,1,29.9
3860,1562,9,1,24.9
3861,1562,1,1,29.9
3862,1562,18,1,12.9
3863,1562,4,1,14.9
3864,1563,2,1,49.9
3865,1563,8,1,19.9
3866,1564,1,1,29.9
3867,1564,9,1,24.9
3868,1565,12,1,24.9
3869,1565,19,1,149.9
3870,1565,15,1,54.9
3871,1565,20,1,18.9
3872,1566,2,1,49.9
3873,1566,20,2,18.9
3874,1566,18,1,12.9
3875,1566,14,2,21.9
3876,1567,10,3,99.9
3877,1567,11,1,32.9
3878,1567,9,1,24.9
3879,1567,18,1,12.9
3880,1568,10,1,99.9
3881,1568,11,1,32.9
3882,1568,8,1,19.9
3883,1569,18,1,12.9
3884,1570,12,1,24.9
3885,1570,17,2,6.9
3886,1570,7,1,39.9
3887,1571,13,2,54.9
3888,1571,20,1,18.9
3889,1571,6,1,89.9
3890,1572,4,1,14.9
3891,1572,16,1,64.9
3892,1573,13,1,54.9
3893,1573,1,1,29.9
3894,1573,8,1,19.9
3895,1573,14,1,21.9
3896,1574,15,1,54.9
3897,1575,5,1,44.9
3898,1575,14,1,21.9
3899,1575,13,3,54.9
3900,1575,1,1,29.9
3901,1576,1,3,29.9
3902,1576,3,1,79.9
3903,1576,12,1,24.9
3904,1577,3,1,79.9
3905,1577,14,1,21.9
3906,1578,2,1,49.9
3907,1578,12,1,24.9
3908,1578,17,1,6.9
3909,1578,15,1,54.9
3910,1579,8,1,19.9
3911,1579,19,1,149.9
3912,1580,2,1,49.9
3913,1580,13,1,54.9
3914,1580,9,1,24.9
3915,1581,15,1,54.9
3916,1581,19,1,149.9
3917,1581,2,1,49.9
3918,1582,17,1,6.9
3919,1583,14,1,21.9
3920,1583,10,1,99.9
3921,1583,13,1,54.9
3922,1583,7,1,39.9
3923,1584,20,1,18.9
3924,1584,16,1,64.9
3925,1584,9,1,24.9
3926,1585,12,1,24.9
3927,1586,6,3,89.9
3928,1587,16,1,64.9
3929,1587,3,1,79.9
3930,1587,18,1,12.9
3931,1587,9,1,24.9
3932,1588,1,1,29.9
3933,1588,12,1,24.9
3934,1589,5,1,44.9
3935,1589,16,1,64.9
3936,1590,19,1,149.9
3937,1590,13,1,54.9
3938,1591,11,2,32.9
3939,1591,8,2,19.9
3940,1592,13,1,54.9
3941,1592,19,1,149.9
3942,1592,6,1,89.9
3943,1592,9,2,24.9
3944,1593,8,2,19.9
3945,1593,18,1,12.9
3946,1594,5,1,44.9
3947,1595,1,1,29.9
3948,1595,19,1,149.9
3949,1596,3,1,79.9
3950,1597,8,1,19.9
3951,1597,6,1,89.9
3952,1598,10,1,99.9
3953,1598,16,1,64.9
3954,1599,20,2,18.9
3955,1599,1,1,29.9
3956,1600,3,1,79.9
3957,1600,11,1,32.9
3958,1600,9,1,24.9
3959,1601,11,1,32.9
3960,1601,14,1,21.9
3961,1601,3,1,79.9
3962,1601,7,1,39.9
3963,1602,10,1,99.9
3964,1602,8,2,19.9
3965,1602,7,3,39.9
3966,1602,5,1,44.9
3967,1603,5,1,44.9
3968,1603,16,1,64.9
3969,1604,3,2,79.9
3970,1604,14,1,21.9
3971,1605,13,1,54.9
3972,1606,16,1,64.9
3973,1606,1,1,29.9
3974,1606,15,1,54.9
3975,1607,2,1,49.9
3976,1607,11,2,32.9
3977,1607,19,1,149.9
3978,1607,6,1,89.9
3979,1608,16,2,64.9
3980,1609,2,1,49.9
3981,1609,5,1,44.9
3982,1609,16,2,64.9
3983,1610,12,1,24.9
3984,1610,17,1,6.9
3985,1610,6,1,89.9
3986,1610,14,1,21.9
3987,1611,6,1,89.9
3988,1611,1,1,29.9
3989,1611,2,1,49.9
3990,1611,8,3,19.9
3991,1612,9,1,24.9
3992,1612,14,1,21.9
3993,1612,3,1,79.9
3994,1612,10,1,99.9
3995,1613,4,2,14.9
3996,1613,17,3,6.9
3997,1614,19,1,149.9
3998,1614,18,2,12.9
3999,1614,9,1,24.9
4000,1614,3,1,79.9
4001,1615,11,1,32.9
4002,1615,1,2,29.9
4003,1615,10,1,99.9
4004,1616,14,1,21.9
4005,1616,10,1,99.9
4006,1616,7,1,39.9
4007,1616,5,2,44.9
4008,1617,5,1,44.9
4009,1618,4,1,14.9
4010,1619,18,1,12.9
4011,1619,11,1,32.9
4012,1619,8,1,19.9
4013,1620,14,2,21.9
4014,1620,6,3,89.9
4015,1620,5,1,44.9
4016,1620,7,1,39.9
4017,1621,10,1,99.9
4018,1621,6,1,89.9
4019,1621,19,1,149.9
4020,1621,11,1,32.9
4021,1622,5,1,44.9
4022,1622,7,1,39.9
4023,1623,2,1,49.9
4024,1623,11,1,32.9
4025,1623,18,1,12.9
4026,1623,10,1,99.9
4027,1624,9,1,24.9
4028,1624,19,1,149.9
4029,1625,19,1,149.9
4030,1625,18,1,12.9
4031,1625,9,1,24.9
4032,1625,13,1,54.9
4033,1626,19,2,149.9
4034,1626,13,1,54.9
4035,1626,7,3,39.9
4036,1627,5,1,44.9
4037,1627,7,1,39.9
4038,1627,13,1,54.9
4039,1627,4,1,14.9
4040,1628,13,1,54.9
4041,1629,4,1,14.9
4042,1630,11,1,32.9
4043,1630,15,1,54.9
4044,1630,17,1,6.9
4045,1631,11,1,32.9
4046,1631,20,3,18.9
4047,1631,12,1,24.9
4048,1631,16,1,64.9
4049,1632,1,1,29.9
4050,1632,20,1,18.9
4051,1632,2,1,49.9
4052,1633,17,1,6.9
4053,1633,5,1,44.9
4054,1633,10,1,99.9
4055,1633,2,1,49.9
4056,1634,6,2,89.9
4057,1634,9,1,24.9
4058,1635,10,1,99.9
4059,1635,1,1,29.9
4060,1635,5,1,44.9
4061,1635,7,1,39.9
4062,1636,11,2,32.9
4063,1636,16,1,64.9
4064,1637,1,1,29.9
4065,1637,8,1,19.9
4066,1637,14,2,21.9
4067,1637,7,1,39.9
4068,1638,17,1,6.9
4069,1638,14,1,21.9
4070,1639,2,1,49.9
4071,1639,18,3,12.9
4072,1639,19,2,149.9
4073,1640,3,1,79.9
4074,1640,7,1,39.9
4075,1640,9,2,24.9
4076,1641,20,1,18.9
4077,1642,19,1,149.9
4078,1642,16,1,64.9
4079,1642,5,1,44.9
4080,1642,9,1,24.9
4081,1643,20,1,18.9
4082,1643,9,2,24.9
4083,1643,17,1,6.9
4084,1643,1,1,29.9
4085,1644,16,1,64.9
4086,1644,10,1,99.9
4087,1644,17,1,6.9
4088,1644,1,1,29.9
4089,1645,1,1,29.9
4090,1645,11,1,32.9
4091,1645,18,1,12.9
4092,1646,20,1,18.9
4093,1646,9,1,24.9
4094,1647,8,3,19.9
4095,1648,17,1,6.9
4096,1648,5,1,44.9
4097,1648,11,2,32.9
4098,1649,7,1,39.9
4099,1649,10,1,99.9
4100,1649,5,1,44.9
4101,1649,2,1,49.9
4102,1650,18,1,12.9
4103,1650,14,1,21.9
4104,1650,15,2,54.9
4105,1651,3,1,79.9
4106,1651,17,3,6.9
4107,1651,14,1,21.9
4108,1652,7,1,39.9
4109,1652,1,2,29.9
4110,1653,20,2,18.9
4111,1653,11,1,32.9
4112,1654,17,1,6.9
4113,1654,9,1,24.9
4114,1654,4,1,14.9
4115,1654,14,3,21.9
4116,1655,1,1,29.9
4117,1655,12,2,24.9
4118,1655,18,1,12.9
4119,1655,13,1,54.9
4120,1656,10,2,99.9
4121,1656,17,1,6.9
4122,1656,7,1,39.9
4123,1656,4,1,14.9
4124,1657,19,1,149.9
4125,1657,7,1,39.9
4126,1658,12,1,24.9
4127,1659,15,1,54.9
4128,1660,10,2,99.9
4129,1660,5,2,44.9
4130,1661,19,1,149.9
4131,1661,10,1,99.9
4132,1661,14,1,21.9
4133,1662,5,1,44.9
4134,1662,8,1,19.9
4135,1662,20,1,18.9
4136,1662,15,1,54.9
4137,1663,5,2,44.9
4138,1664,16,1,64.9
4139,1664,19,1,149.9
4140,1665,11,1,32.9
4141,1665,9,2,24.9
4142,1665,18,1,12.9
4143,1665,15,1,54.9
4144,1666,19,1,149.9
4145,1666,11,1,32.9
4146,1666,9,1,24.9
4147,1666,3,1,79.9
4148,1667,18,1,12.9
4149,1668,15,1,54.9
4150,1669,17,1,6.9
4151,1669,3,1,79.9
4152,1669,12,1,24.9
4153,1669,19,1,149.9
4154,1670,6,1,89.9
4155,1670,13,1,54.9
4156,1670,18,1,12.9
4157,1670,7,1,39.9
4158,1671,5,3,44.9
4159,1672,13,1,54.9
4160,1672,3,1,79.9
4161,1672,5,1,44.9
4162,1672,8,2,19.9
4163,1673,11,1,32.9
4164,1674,5,2,44.9
4165,1675,4,1,14.9
4166,1675,17,1,6.9
4167,1675,5,2,44.9
4168,1675,1,1,29.9
4169,1676,4,1,14.9
4170,1677,8,2,19.9
4171,1677,16,1,64.9
4172,1678,13,1,54.9
4173,1678,18,1,12.9
4174,1679,17,1,6.9
4175,1679,14,1,21.9
4176,1679,10,1,99.9
4177,1680,2,1,49.9
4178,1680,14,1,21.9
4179,1680,16,1,64.9
4180,1681,7,1,39.9
4181,1681,11,1,32.9
4182,1682,15,2,54.9
4183,1682,8,1,19.9
4184,1682,4,2,14.9
4185,1682,6,1,89.9
4186,1683,11,1,32.9
4187,1683,2,2,49.9
4188,1683,20,1,18.9
4189,1684,17,1,6.9
4190,1685,17,1,6.9
4191,1685,9,1,24.9
4192,1686,10,1,99.9
4193,1687,4,1,14.9
4194,1687,3,1,79.9
4195,1688,2,3,49.9
4196,1688,4,2,14.9
4197,1688,5,2,44.9
4198,1688,8,1,19.9
4199,1689,4,1,14.9
4200,1689,11,1,32.9
4201,1689,13,1,54.9
4202,1689,3,2,79.9
4203,1690,18,1,12.9
4204,1690,2,1,49.9
4205,1690,5,2,44.9
4206,1690,8,1,19.9
4207,1691,17,3,6.9
4208,1691,10,1,99.9
4209,1691,9,1,24.9
4210,1691,14,2,21.9
4211,1692,14,3,21.9
4212,1692,20,2,18.9
4213,1693,14,1,21.9
4214,1694,20,1,18.9
4215,1694,11,2,32.9
4216,1695,4,1,14.9
4217,1695,12,1,24.9
4218,1696,6,1,89.9
4219,1696,5,1,44.9
4220,1696,15,1,54.9
4221,1696,8,1,19.9
4222,1697,5,1,44.9
4223,1698,11,1,32.9
4224,1699,6,1,89.9
4225,1699,8,1,19.9
4226,1699,19,2,149.9
4227,1700,3,1,79.9
4228,1700,18,1,12.9
4229,1700,12,1,24.9
4230,1701,13,1,54.9
4231,1701,1,2,29.9
4232,1701,15,2,54.9
4233,1701,7,1,39.9
4234,1702,6,1,89.9
4235,1702,4,1,14.9
4236,1702,12,2,24.9
4237,1702,18,1,12.9
4238,1703,14,1,21.9
4239,1704,11,1,32.9
4240,1705,6,1,89.9
4241,1705,3,1,79.9
4242,1706,10,2,99.9
4243,1707,8,2,19.9
4244,1708,9,1,24.9
4245,1708,16,1,64.9
4246,1708,13,1,54.9
4247,1709,16,1,64.9
4248,1709,15,1,54.9
4249,1710,19,1,149.9
4250,1710,5,1,44.9
4251,1711,7,2,39.9
4252,1711,1,1,29.9
4253,1712,1,1,29.9
4254,1712,19,1,149.9
4255,1712,13,1,54.9
4256,1713,14,1,21.9
4257,1713,13,1,54.9
4258,1714,14,1,21.9
4259,1714,20,3,18.9
4260,1714,19,1,149.9
4261,1714,3,2,79.9
4262,1715,6,2,89.9
4263,1715,2,2,49.9
4264,1715,5,1,44.9
4265,1716,9,1,24.9
4266,1716,19,1,149.9
4267,1717,15,1,54.9
4268,1717,14,2,21.9
4269,1718,12,2,24.9
4270,1718,1,1,29.9
4271,1718,4,1,14.9
4272,1718,16,1,64.9
4273,1719,13,1,54.9
4274,1719,4,1,14.9
4275,1719,9,1,24.9
4276,1720,3,2,79.9
4277,1720,15,2,54.9
4278,1720,10,1,99.9
4279,1721,5,1,44.9
4280,1721,13,1,54.9
4281,1721,2,1,49.9
4282,1722,13,1,54.9
4283,1722,7,1,39.9
4284,1723,13,1,54.9
4285,1723,11,1,32.9
4286,1723,12,1,24.9
4287,1724,13,1,54.9
4288,1724,9,1,24.9
4289,1724,3,2,79.9
4290,1724,10,3,99.9
4291,1725,1,1,29.9
4292,1725,6,1,89.9
4293,1725,11,3,32.9
4294,1726,10,1,99.9
4295,1726,9,1,24.9
4296,1726,18,1,12.9
4297,1727,19,1,149.9
4298,1727,1,2,29.9
4299,1728,3,2,79.9
4300,1728,9,1,24.9
4301,1729,12,1,24.9
4302,1730,19,1,149.9
4303,1730,7,1,39.9
4304,1730,5,1,44.9
4305,1731,17,1,6.9
4306,1731,20,1,18.9
4307,1731,15,1,54.9
4308,1731,11,1,32.9
4309,1732,10,1,99.9
4310,1732,8,1,19.9
4311,1732,15,1,54.9
4312,1733,2,2,49.9
4313,1733,17,1,6.9
4314,1734,4,1,14.9
4315,1735,8,1,19.9
4316,1735,3,1,79.9
4317,1735,10,2,99.9
4318,1735,7,1,39.9
4319,1736,16,1,64.9
4320,1736,18,2,12.9
4321,1736,14,1,21.9
4322,1736,6,2,89.9
4323,1737,18,1,12.9
4324,1738,20,1,18.9
4325,1739,14,1,21.9
4326,1739,10,1,99.9
4327,1739,5,1,44.9
4328,1740,5,2,44.9
4329,1741,8,1,19.9
4330,1741,3,1,79.9
4331,1742,1,1,29.9
4332,1742,13,1,54.9
4333,1743,6,3,89.9
4334,1744,11,2,32.9
4335,1744,20,1,18.9
4336,1744,1,1,29.9
4337,1744,19,1,149.9
4338,1745,5,1,44.9
4339,1745,1,1,29.9
4340,1745,13,1,54.9
4341,1746,11,1,32.9
4342,1746,19,3,149.9
4343,1746,5,1,44.9
4344,1747,7,1,39.9
4345,1747,17,1,6.9
4346,1748,9,1,24.9
4347,1748,2,1,49.9
4348,1749,6,1,89.9
4349,1749,20,1,18.9
4350,1750,4,3,14.9
4351,1751,3,1,79.9
4352,1752,9,1,24.9
4353,1752,18,1,12.9
4354,1753,7,1,39.9
4355,1754,12,1,24.9
4356,1754,6,3,89.9
4357,1755,7,1,39.9
4358,1756,11,1,32.9
4359,1756,14,1,21.9
4360,1756,10,1,99.9
4361,1757,10,2,99.9
4362,1757,20,1,18.9
4363,1757,15,1,54.9
4364,1757,14,1,21.9
4365,1758,9,1,24.9
4366,1758,6,1,89.9
4367,1759,8,1,19.9
4368,1759,14,1,21.9
4369,1759,15,2,54.9
4370,1760,9,1,24.9
4371,1760,19,1,149.9
4372,1761,20,2,18.9
4373,1761,16,1,64.9
4374,1762,11,1,32.9
4375,1763,13,1,54.9
4376,1763,12,2,24.9
4377,1763,11,1,32.9
4378,1763,3,1,79.9
4379,1764,17,1,6.9
4380,1764,2,1,49.9
4381,1765,4,2,14.9
4382,1765,9,1,24.9
4383,1765,16,1,64.9
4384,1766,6,2,89.9
4385,1766,10,2,99.9
4386,1766,15,2,54.9
4387,1767,14,1,21.9
4388,1767,11,1,32.9
4389,1767,8,1,19.9
4390,1767,19,2,149.9
4391,1768,19,2,149.9
4392,1768,18,1,12.9
4393,1769,10,2,99.9
4394,1769,7,1,39.9
4395,1770,16,1,64.9
4396,1770,19,1,149.9
4397,1770,5,1,44.9
4398,1770,10,1,99.9
4399,1771,7,1,39.9
4400,1771,18,2,12.9
4401,1771,8,1,19.9
4402,1771,11,1,32.9
4403,1772,8,2,19.9
4404,1772,19,1,149.9
4405,1772,1,1,29.9
4406,1772,14,1,21.9
4407,1773,19,1,149.9
4408,1773,8,1,19.9
4409,1773,18,1,12.9
4410,1773,3,2,79.9
4411,1774,4,1,14.9
4412,1775,15,1,54.9
4413,1775,3,1,79.9
4414,1776,16,1,64.9
4415,1776,5,1,44.9
4416,1777,1,1,29.9
4417,1777,4,1,14.9
4418,1778,18,1,12.9
4419,1778,1,1,29.9
4420,1778,20,1,18.9
4421,1778,5,1,44.9
4422,1779,10,1,99.9
4423,1780,19,2,149.9
4424,1780,10,1,99.9
4425,1781,11,2,32.9
4426,1781,9,1,24.9
4427,1782,13,1,54.9
4428,1782,10,1,99.9
4429,1783,20,1,18.9
4430,1783,4,1,14.9
4431,1784,1,2,29.9
4432,1784,7,1,39.9
4433,1784,13,2,54.9
4434,1785,4,1,14.9
4435,1786,13,1,54.9
4436,1786,10,1,99.9
4437,1786,15,1,54.9
4438,1786,3,1,79.9
4439,1787,7,1,39.9
4440,1787,11,1,32.9
4441,1788,13,1,54.9
4442,1789,19,1,149.9
4443,1789,1,1,29.9
4444,1789,4,1,14.9
4445,1790,19,1,149.9
4446,1790,2,1,49.9
4447,1790,3,3,79.9
4448,1791,16,2,64.9
4449,1791,14,1,21.9
4450,1792,9,2,24.9
4451,1792,18,1,12.9
4452,1793,3,2,79.9
4453,1793,2,1,49.9
4454,1793,20,1,18.9
4455,1794,9,2,24.9
4456,1795,4,1,14.9
4457,1796,19,2,149.9
4458,1796,20,1,18.9
4459,1796,3,1,79.9
4460,1797,2,1,49.9
4461,1797,5,2,44.9
4462,1798,14,1,21.9
4463,1798,4,1,14.9
4464,1798,13,1,54.9
4465,1798,2,1,49.9
4466,1799,5,1,44.9
4467,1799,4,2,14.9
4468,1799,7,2,39.9
4469,1800,18,3,12.9
4470,1800,9,1,24.9
4471,1800,5,1,44.9
4472,1801,2,2,49.9
4473,1801,16,2,64.9
4474,1801,4,1,14.9
4475,1801,19,2,149.9
4476,1802,2,1,49.9
4477,1802,3,1,79.9
4478,1802,11,1,32.9
4479,1802,16,1,64.9
4480,1803,5,1,44.9
4481,1803,4,1,14.9
4482,1804,5,1,44.9
4483,1805,1,1,29.9
4484,1805,6,1,89.9
4485,1805,17,2,6.9
4486,1805,3,1,79.9
4487,1806,11,2,32.9
4488,1806,5,1,44.9
4489,1806,16,2,64.9
4490,1807,14,2,21.9
4491,1807,16,1,64.9
4492,1808,10,1,99.9
4493,1808,14,2,21.9
4494,1808,7,1,39.9
4495,1808,3,2,79.9
4496,1809,10,2,99.9
4497,1809,4,3,14.9
4498,1809,13,1,54.9
4499,1809,19,1,149.9
4500,1810,12,1,24.9
4501,1811,3,1,79.9
4502,1812,11,1,32.9
4503,1813,14,1,21.9
4504,1814,6,1,89.9
4505,1814,13,2,54.9
4506,1814,3,1,79.9
4507,1814,14,3,21.9
4508,1815,16,2,64.9
4509,1815,10,1,99.9
4510,1816,10,2,99.9
4511,1816,16,1,64.9
4512,1816,3,1,79.9
4513,1817,17,1,6.9
4514,1817,20,1,18.9
4515,1817,12,1,24.9
4516,1818,2,1,49.9
4517,1818,1,1,29.9
4518,1819,14,2,21.9
4519,1819,15,2,54.9
4520,1819,12,1,24.9
4521,1820,17,2,6.9
4522,1820,10,1,99.9
4523,1820,5,1,44.9
4524,1821,15,1,54.9
4525,1822,5,1,44.9
4526,1822,12,1,24.9
4527,1822,13,1,54.9
4528,1822,19,1,149.9
4529,1823,3,1,79.9
4530,1824,4,3,14.9
4531,1824,8,1,19.9
4532,1824,1,1,29.9
4533,1825,6,1,89.9
4534,1825,9,2,24.9
4535,1825,2,2,49.9
4536,1825,17,1,6.9
4537,1826,14,3,21.9
4538,1826,18,2,12.9
4539,1826,2,1,49.9
4540,1826,9,1,24.9
4541,1827,1,1,29.9
4542,1827,16,1,64.9
4543,1828,4,1,14.9
4544,1829,5,1,44.9
4545,1829,8,1,19.9
4546,1830,18,1,12.9
4547,1830,5,1,44.9
4548,1831,11,1,32.9
4549,1831,5,1,44.9
4550,1831,17,1,6.9
4551,1831,7,1,39.9
4552,1832,3,1,79.9
4553,1832,2,1,49.9
4554,1832,18,1,12.9
4555,1833,4,1,14.9
4556,1833,20,1,18.9
4557,1833,8,2,19.9
4558,1834,7,2,39.9
4559,1834,11,1,32.9
4560,1834,15,1,54.9
4561,1835,1,1,29.9
4562,1835,14,1,21.9
4563,1836,16,1,64.9
4564,1836,18,1,12.9
4565,1836,2,1,49.9
4566,1837,18,2,12.9
4567,1837,1,1,29.9
4568,1838,4,1,14.9
4569,1838,10,1,99.9
4570,1838,11,1,32.9
4571,1839,17,2,6.9
4572,1839,4,1,14.9
4573,1840,18,1,12.9
4574,1840,14,1,21.9
4575,1840,15,1,54.9
4576,1840,10,1,99.9
4577,1841,1,1,29.9
4578,1841,13,1,54.9
4579,1842,8,1,19.9
4580,1843,5,1,44.9
4581,1844,9,1,24.9
4582,1844,8,1,19.9
4583,1844,13,1,54.9
4584,1844,1,1,29.9
4585,1845,12,1,24.9
4586,1845,19,1,149.9
4587,1845,10,1,99.9
4588,1845,1,1,29.9
4589,1846,20,1,18.9
4590,1846,14,1,21.9
4591,1846,2,1,49.9
4592,1846,10,1,99.9
4593,1847,13,1,54.9
4594,1848,13,1,54.9
4595,1849,8,1,19.9
4596,1849,20,2,18.9
4597,1849,15,1,54.9
4598,1849,9,1,24.9
4599,1850,14,1,21.9
4600,1850,3,1,79.9
4601,1850,8,1,19.9
4602,1850,20,1,18.9
4603,1851,12,1,24.9
4604,1851,8,1,19.9
4605,1852,16,1,64.9
4606,1852,13,1,54.9
4607,1853,10,2,99.9
4608,1853,9,1,24.9
4609,1853,20,2,18.9
4610,1853,15,1,54.9
4611,1854,18,1,12.9
4612,1855,8,2,19.9
4613,1855,5,1,44.9
4614,1856,17,1,6.9
4615,1856,1,1,29.9
4616,1856,2,1,49.9
4617,1857,11,1,32.9
4618,1858,20,1,18.9
4619,1858,4,1,14.9
4620,1858,11,3,32.9
4621,1858,18,2,12.9
4622,1859,6,1,89.9
4623,1859,16,1,64.9
4624,1859,13,1,54.9
4625,1859,1,1,29.9
4626,1860,8,1,19.9
4627,1860,5,1,44.9
4628,1861,12,2,24.9
4629,1861,6,1,89.9
4630,1861,8,1,19.9
4631,1862,17,1,6.9
4632,1862,13,1,54.9
4633,1863,20,1,18.9
4634,1863,14,2,21.9
4635,1864,15,1,54.9
4636,1865,10,1,99.9
4637,1865,6,1,89.9
4638,1865,5,1,44.9
4639,1865,18,2,12.9
4640,1866,4,1,14.9
4641,1866,12,1,24.9
4642,1867,13,1,54.9
4643,1867,7,3,39.9
4644,1867,16,2,64.9
4645,1867,1,2,29.9
4646,1868,4,1,14.9
4647,1868,8,1,19.9
4648,1869,18,1,12.9
4649,1869,12,1,24.9
4650,1869,1,1,29.9
4651,1870,4,1,14.9
4652,1871,7,1,39.9
4653,1871,12,1,24.9
4654,1872,3,1,79.9
4655,1872,2,1,49.9
4656,1872,1,1,29.9
4657,1872,19,1,149.9
4658,1873,13,1,54.9
4659,1874,13,1,54.9
4660,1874,9,1,24.9
4661,1874,16,1,64.9
4662,1875,1,1,29.9
4663,1875,15,1,54.9
4664,1875,5,2,44.9
4665,1876,5,1,44.9
4666,1876,8,1,19.9
4667,1877,15,1,54.9
4668,1877,18,1,12.9
4669,1877,3,1,79.9
4670,1877,10,2,99.9
4671,1878,1,1,29.9
4672,1878,4,1,14.9
4673,1878,10,2,99.9
4674,1878,12,2,24.9
4675,1879,16,1,64.9
4676,1879,14,1,21.9
4677,1879,19,1,149.9
4678,1879,18,1,12.9
4679,1880,3,1,79.9
4680,1880,5,2,44.9
4681,1880,1,1,29.9
4682,1880,6,1,89.9
4683,1881,14,1,21.9
4684,1882,5,1,44.9
4685,1883,4,1,14.9
4686,1884,1,1,29.9
4687,1884,13,1,54.9
4688,1884,16,1,64.9
4689,1884,14,1,21.9
4690,1885,18,1,12.9
4691,1886,3,1,79.9
4692,1886,5,1,44.9
4693,1887,17,1,6.9
4694,1887,12,1,24.9
4695,1887,14,1,21.9
4696,1888,20,1,18.9
4697,1888,10,1,99.9
4698,1889,15,2,54.9
4699,1889,11,1,32.9
4700,1890,8,1,19.9
4701,1890,3,1,79.9
4702,1891,20,1,18.9
4703,1891,17,1,6.9
4704,1891,13,3,54.9
4705,1892,4,1,14.9
4706,1892,16,1,64.9
4707,1892,18,1,12.9
4708,1893,11,2,32.9
4709,1894,2,1,49.9
4710,1894,4,1,14.9
4711,1895,13,2,54.9
4712,1896,14,1,21.9
4713,1896,13,1,54.9
4714,1897,12,2,24.9
4715,1897,3,1,79.9
4716,1898,11,3,32.9
4717,1898,12,2,24.9
4718,1898,8,1,19.9
4719,1899,13,1,54.9
4720,1899,11,3,32.9
4721,1899,20,1,18.9
4722,1900,17,1,6.9
4723,1900,10,2,99.9
4724,1900,14,1,21.9
4725,1900,6,1,89.9
4726,1901,1,1,29.9
4727,1902,11,3,32.9
4728,1902,1,1,29.9
4729,1903,11,2,32.9
4730,1903,13,1,54.9
4731,1903,18,1,12.9
4732,1903,20,2,18.9
4733,1904,15,1,54.9
4734,1904,14,1,21.9
4735,1905,11,1,32.9
4736,1905,1,1,29.9
4737,1906,9,2,24.9
4738,1906,20,1,18.9
4739,1907,10,1,99.9
4740,1908,1,2,29.9
4741,1908,6,1,89.9
4742,1908,5,1,44.9
4743,1909,10,2,99.9
4744,1910,19,1,149.9
4745,1910,15,1,54.9
4746,1910,5,1,44.9
4747,1910,12,1,24.9
4748,1911,7,1,39.9
4749,1912,3,1,79.9
4750,1912,10,1,99.9
4751,1913,8,1,19.9
4752,1913,7,1,39.9
4753,1914,2,1,49.9
4754,1914,19,1,149.9
4755,1915,13,1,54.9
4756,1916,1,1,29.9
4757,1916,13,1,54.9
4758,1916,7,2,39.9
4759,1916,14,2,21.9
4760,1917,7,3,39.9
4761,1917,1,2,29.9
4762,1917,4,2,14.9
4763,1917,3,1,79.9
4764,1918,17,1,6.9
4765,1919,5,2,44.9
4766,1919,13,2,54.9
4767,1919,9,1,24.9
4768,1920,14,1,21.9
4769,1920,15,1,54.9
4770,1921,18,1,12.9
4771,1921,13,1,54.9
4772,1922,7,1,39.9
4773,1923,9,2,24.9
4774,1923,10,1,99.9
4775,1923,14,1,21.9
4776,1924,14,1,21.9
4777,1924,9,1,24.9
4778,1924,2,1,49.9
4779,1925,3,1,79.9
4780,1925,19,2,149.9
4781,1925,7,3,39.9
4782,1926,3,1,79.9
4783,1927,10,1,99.9
4784,1927,13,2,54.9
4785,1927,4,1,14.9
4786,1928,18,2,12.9
4787,1929,17,1,6.9
4788,1929,20,2,18.9
4789,1930,10,1,99.9
4790,1931,2,1,49.9
4791,1932,8,1,19.9
4792,1932,3,2,79.9
4793,1932,12,1,24.9
4794,1933,11,1,32.9
4795,1933,7,1,39.9
4796,1934,17,1,6.9
4797,1934,7,1,39.9
4798,1934,16,1,64.9
4799,1935,2,1,49.9
4800,1935,1,1,29.9
4801,1936,13,1,54.9
4802,1936,10,2,99.9
4803,1936,15,1,54.9
4804,1937,2,1,49.9
4805,1937,3,1,79.9
4806,1937,20,2,18.9
4807,1938,13,2,54.9
4808,1939,16,1,64.9
4809,1939,4,1,14.9
4810,1940,14,1,21.9
4811,1940,17,1,6.9
4812,1940,20,2,18.9
4813,1940,4,1,14.9
4814,1941,19,1,149.9
4815,1941,17,1,6.9
4816,1941,7,1,39.9
4817,1942,11,2,32.9
4818,1943,18,1,12.9
4819,1943,7,1,39.9
4820,1943,12,1,24.9
4821,1944,14,1,21.9
4822,1944,11,1,32.9
4823,1944,15,1,54.9
4824,1945,8,1,19.9
4825,1945,19,2,149.9
4826,1946,10,1,99.9
4827,1946,6,1,89.9
4828,1947,15,2,54.9
4829,1948,11,1,32.9
4830,1948,18,1,12.9
4831,1948,2,1,49.9
4832,1948,3,1,79.9
4833,1949,20,1,18.9
4834,1949,7,2,39.9
4835,1949,1,1,29.9
4836,1949,19,1,149.9
4837,1950,6,1,89.9
4838,1950,16,2,64.9
4839,1950,13,1,54.9
4840,1950,14,1,21.9
4841,1951,2,1,49.9
4842,1951,6,1,89.9
4843,1951,11,2,32.9
4844,1952,4,2,14.9
4845,1952,8,2,19.9
4846,1952,1,1,29.9
4847,1952,15,2,54.9
4848,1953,5,1,44.9
4849,1953,1,1,29.9
4850,1953,15,1,54.9
4851,1953,8,1,19.9
4852,1954,16,2,64.9
4853,1954,15,1,54.9
4854,1954,4,1,14.9
4855,1954,18,1,12.9
4856,1955,17,2,6.9
4857,1955,13,1,54.9
4858,1955,7,1,39.9
4859,1955,1,1,29.9
4860,1956,2,2,49.9
4861,1957,5,1,44.9
4862,1957,7,1,39.9
4863,1957,10,2,99.9
4864,1958,12,1,24.9
4865,1959,15,2,54.9
4866,1959,16,1,64.9
4867,1959,4,1,14.9
4868,1959,14,1,21.9
4869,1960,12,1,24.9
4870,1960,14,1,21.9
4871,1960,20,1,18.9
4872,1960,13,1,54.9
4873,1961,17,2,6.9
4874,1961,8,1,19.9
4875,1961,7,1,39.9
4876,1961,10,1,99.9
4877,1962,10,3,99.9
4878,1962,5,1,44.9
4879,1963,7,3,39.9
4880,1963,15,1,54.9
4881,1963,20,2,18.9
4882,1964,9,1,24.9
4883,1965,15,1,54.9
4884,1966,16,1,64.9
4885,1966,8,1,19.9
4886,1966,14,1,21.9
4887,1967,3,2,79.9
4888,1968,2,1,49.9
4889,1968,4,1,14.9
4890,1968,20,2,18.9
4891,1969,1,1,29.9
4892,1969,20,1,18.9
4893,1969,17,1,6.9
4894,1969,2,1,49.9
4895,1970,15,2,54.9
4896,1970,11,2,32.9
4897,1970,20,1,18.9
4898,1971,10,1,99.9
4899,1971,17,1,6.9
4900,1971,19,2,149.9
4901,1972,4,1,14.9
4902,1972,10,1,99.9
4903,1973,9,1,24.9
4904,1974,13,1,54.9
4905,1974,10,1,99.9
4906,1974,8,2,19.9
4907,1974,5,2,44.9
4908,1975,14,1,21.9
4909,1975,20,2,18.9
4910,1976,10,1,99.9
4911,1976,13,1,54.9
4912,1977,16,1,64.9
4913,1977,5,1,44.9
4914,1978,5,1,44.9
4915,1979,2,2,49.9
4916,1979,3,1,79.9
4917,1979,10,1,99.9
4918,1979,13,1,54.9
4919,1980,9,1,24.9
4920,1980,7,1,39.9
4921,1980,5,3,44.9
4922,1981,2,3,49.9
4923,1981,7,1,39.9
4924,1982,7,1,39.9
4925,1982,13,1,54.9
4926,1982,20,1,18.9
4927,1982,1,1,29.9
4928,1983,3,1,79.9
4929,1983,18,1,12.9
4930,1984,10,2,99.9
4931,1985,6,1,89.9
4932,1986,11,1,32.9
4933,1986,9,1,24.9
4934,1987,20,1,18.9
4935,1987,2,1,49.9
4936,1988,8,1,19.9
4937,1988,15,1,54.9
4938,1988,14,1,21.9
4939,1989,18,1,12.9
4940,1989,1,2,29.9
4941,1990,5,1,44.9
4942,1990,14,1,21.9
4943,1991,15,2,54.9
4944,1991,9,2,24.9
4945,1991,20,2,18.9
4946,1992,3,1,79.9
4947,1992,20,1,18.9
4948,1993,8,2,19.9
4949,1993,1,1,29.9
4950,1994,20,1,18.9
4951,1994,15,1,54.9
4952,1995,4,1,14.9
4953,1995,18,1,12.9
4954,1996,5,1,44.9
4955,1996,14,1,21.9
4956,1996,8,2,19.9
4957,1997,4,1,14.9
4958,1998,14,1,21.9
4959,1998,16,1,64.9
4960,1998,4,2,14.9
4961,1998,17,1,6.9
4962,1999,14,1,21.9
4963,1999,8,1,19.9
4964,2000,1,2,29.9
4965,2000,3,2,79.9
4966,2000,13,1,54.9
4967,2001,6,1,89.9
4968,2001,19,1,149.9
4969,2001,20,1,18.9
4970,2001,18,1,12.9
4971,2002,19,1,149.9
4972,2003,15,1,54.9
4973,2003,13,1,54.9
4974,2004,6,2,89.9
4975,2004,20,1,18.9
4976,2004,18,2,12.9
4977,2005,15,1,54.9
4978,2006,11,1,32.9
4979,2006,19,1,149.9
4980,2007,20,1,18.9
4981,2007,16,1,64.9
4982,2007,19,3,149.9
4983,2008,13,2,54.9
4984,2008,10,1,99.9
4985,2008,1,1,29.9
4986,2008,7,1,39.9
4987,2009,3,2,79.9
4988,2010,4,2,14.9
4989,2010,15,2,54.9
4990,2010,20,1,18.9
4991,2011,19,3,149.9
4992,2011,3,1,79.9
4993,2012,13,1,54.9
4994,2012,12,1,24.9
4995,2012,3,1,79.9
4996,2013,17,1,6.9
4997,2013,14,1,21.9
4998,2013,2,2,49.9
4999,2014,20,1,18.9
5000,2015,20,2,18.9
5001,2015,6,1,89.9
5002,2015,17,2,6.9
5003,2016,15,1,54.9
5004,2016,2,2,49.9
5005,2016,8,1,19.9
5006,2017,4,1,14.9
5007,2018,11,1,32.9
5008,2018,1,1,29.9
5009,2019,16,1,64.9
5010,2020,13,1,54.9
5011,2021,5,1,44.9
5012,2021,6,1,89.9
5013,2021,19,1,149.9
5014,2022,18,1,12.9
5015,2023,2,2,49.9
5016,2023,1,1,29.9
5017,2024,1,2,29.9
5018,2024,5,2,44.9
5019,2025,14,1,21.9
5020,2025,5,1,44.9
5021,2025,9,2,24.9
5022,2025,15,1,54.9
5023,2026,11,1,32.9
5024,2027,9,1,24.9
5025,2028,14,1,21.9
5026,2028,16,1,64.9
5027,2028,9,2,24.9
5028,2029,12,1,24.9
5029,2029,10,1,99.9
5030,2030,11,1,32.9
5031,2030,3,1,79.9
5032,2030,9,1,24.9
5033,2031,12,1,24.9
5034,2031,17,2,6.9
5035,2031,7,1,39.9
5036,2031,9,2,24.9
5037,2032,18,2,12.9
5038,2032,14,2,21.9
5039,2032,6,1,89.9
5040,2033,10,1,99.9
5041,2033,17,2,6.9
5042,2033,11,2,32.9
5043,2033,8,1,19.9
5044,2034,1,1,29.9
5045,2034,17,2,6.9
5046,2034,10,1,99.9
5047,2034,8,2,19.9
5048,2035,9,1,24.9
5049,2035,10,3,99.9
5050,2036,20,1,18.9
5051,2036,11,2,32.9
5052,2036,18,2,12.9
5053,2036,2,1,49.9
5054,2037,12,3,24.9
5055,2038,20,1,18.9
5056,2039,13,1,54.9
5057,2039,15,1,54.9
5058,2039,6,1,89.9
5059,2040,6,1,89.9
5060,2040,7,1,39.9
5061,2040,2,2,49.9
5062,2041,5,1,44.9
5063,2041,19,2,149.9
5064,2041,11,1,32.9
5065,2041,9,3,24.9
5066,2042,8,1,19.9
5067,2043,3,1,79.9
5068,2044,18,1,12.9
5069,2044,12,1,24.9
5070,2044,4,1,14.9
5071,2045,10,3,99.9
5072,2046,6,3,89.9
5073,2047,10,1,99.9
5074,2048,3,2,79.9
5075,2048,5,1,44.9
5076,2049,8,1,19.9
5077,2049,16,2,64.9
5078,2050,7,1,39.9
5079,2050,3,1,79.9
5080,2050,4,1,14.9
5081,2051,9,3,24.9
5082,2052,13,1,54.9
5083,2052,12,1,24.9
5084,2053,5,2,44.9
5085,2053,18,1,12.9
5086,2053,14,1,21.9
5087,2054,4,1,14.9
5088,2054,2,1,49.9
5089,2054,17,1,6.9
5090,2055,12,3,24.9
5091,2055,10,1,99.9
5092,2055,11,2,32.9
5093,2056,20,2,18.9
5094,2057,19,1,149.9
5095,2058,3,1,79.9
5096,2059,12,2,24.9
5097,2059,20,1,18.9
5098,2059,11,1,32.9
5099,2060,14,1,21.9
5100,2061,18,1,12.9
5101,2061,4,1,14.9
5102,2062,9,2,24.9
5103,2062,13,1,54.9
5104,2062,4,2,14.9
5105,2062,5,1,44.9
5106,2063,6,1,89.9
5107,2063,14,1,21.9
5108,2063,9,1,24.9
5109,2063,4,1,14.9
5110,2064,13,1,54.9
5111,2064,6,1,89.9
5112,2064,1,1,29.9
5113,2064,2,1,49.9
5114,2065,8,2,19.9
5115,2066,3,2,79.9
5116,2066,14,1,21.9
5117,2066,16,1,64.9
5118,2067,20,1,18.9
5119,2067,19,2,149.9
5120,2067,18,2,12.9
5121,2068,15,3,54.9
5122,2068,8,1,19.9
5123,2068,4,2,14.9
5124,2068,6,2,89.9
5125,2069,10,1,99.9
5126,2070,10,1,99.9
5127,2071,5,1,44.9
5128,2072,13,1,54.9
5129,2072,10,2,99.9
5130,2073,18,2,12.9
5131,2073,6,1,89.9
5132,2074,9,1,24.9
5133,2074,5,2,44.9
5134,2075,13,1,54.9
5135,2075,15,1,54.9
5136,2075,6,1,89.9
5137,2075,3,1,79.9
5138,2076,7,2,39.9
5139,2076,3,1,79.9
5140,2076,17,1,6.9
5141,2077,20,2,18.9
5142,2077,12,1,24.9
5143,2077,8,2,19.9
5144,2077,3,1,79.9
5145,2078,16,1,64.9
5146,2078,4,1,14.9
5147,2078,19,1,149.9
5148,2078,11,2,32.9
5149,2079,20,2,18.9
5150,2079,5,2,44.9
5151,2079,13,1,54.9
5152,2079,11,1,32.9
5153,2080,14,1,21.9
5154,2081,2,1,49.9
5155,2082,8,1,19.9
5156,2082,5,1,44.9
5157,2082,6,1,89.9
5158,2082,4,1,14.9
5159,2083,15,1,54.9
5160,2083,7,1,39.9
5161,2083,20,2,18.9
5162,2084,5,1,44.9
5163,2084,19,1,149.9
5164,2084,17,1,6.9
5165,2085,12,2,24.9
5166,2085,3,1,79.9
5167,2085,20,1,18.9
5168,2086,1,2,29.9
5169,2087,1,2,29.9
5170,2087,5,1,44.9
5171,2088,18,1,12.9
5172,2088,16,1,64.9
5173,2089,10,2,99.9
5174,2089,12,1,24.9
5175,2090,17,2,6.9
5176,2090,13,1,54.9
5177,2090,15,1,54.9
5178,2091,9,1,24.9
5179,2092,9,1,24.9
5180,2092,14,1,21.9
5181,2093,10,1,99.9
5182,2093,3,1,79.9
5183,2093,18,2,12.9
5184,2094,2,1,49.9
5185,2095,18,1,12.9
5186,2095,5,1,44.9
5187,2096,4,1,14.9
5188,2096,8,1,19.9
5189,2096,19,1,149.9
5190,2097,5,1,44.9
5191,2097,1,1,29.9
5192,2098,12,1,24.9
5193,2098,8,2,19.9
5194,2099,3,1,79.9
5195,2099,13,1,54.9
5196,2100,8,1,19.9
5197,2100,14,1,21.9
5198,2100,1,1,29.9
5199,2100,20,1,18.9
5200,2101,8,1,19.9
5201,2101,13,1,54.9
5202,2101,1,1,29.9
5203,2101,15,1,54.9
5204,2102,6,1,89.9
5205,2102,2,1,49.9
5206,2102,19,1,149.9
5207,2102,1,1,29.9
5208,2103,16,2,64.9
5209,2104,4,1,14.9
5210,2104,14,2,21.9
5211,2104,8,1,19.9
5212,2104,9,1,24.9
5213,2105,4,1,14.9
5214,2105,6,1,89.9
5215,2105,7,1,39.9
5216,2106,19,2,149.9
5217,2107,10,2,99.9
5218,2107,12,1,24.9
5219,2107,9,1,24.9
5220,2108,12,1,24.9
5221,2108,11,1,32.9
5222,2108,13,1,54.9
5223,2108,4,1,14.9
5224,2109,4,2,14.9
5225,2109,17,2,6.9
5226,2109,19,1,149.9
5227,2109,14,1,21.9
5228,2110,5,1,44.9
5229,2111,15,1,54.9
5230,2111,18,1,12.9
5231,2111,8,1,19.9
5232,2111,1,1,29.9
5233,2112,10,1,99.9
5234,2112,2,1,49.9
5235,2112,6,1,89.9
5236,2112,5,3,44.9
5237,2113,3,2,79.9
5238,2113,10,1,99.9
5239,2113,19,1,149.9
5240,2113,13,1,54.9
5241,2114,10,3,99.9
5242,2115,3,2,79.9
5243,2116,4,1,14.9
5244,2116,10,1,99.9
5245,2116,6,1,89.9
5246,2116,20,1,18.9
5247,2117,7,1,39.9
5248,2117,14,1,21.9
5249,2117,9,1,24.9
5250,2117,16,1,64.9
5251,2118,19,1,149.9
5252,2118,17,1,6.9
5253,2118,16,2,64.9
5254,2118,1,1,29.9
5255,2119,9,1,24.9
5256,2120,20,1,18.9
5257,2120,8,1,19.9
5258,2120,13,1,54.9
5259,2120,19,3,149.9
5260,2121,20,1,18.9
5261,2121,4,1,14.9
5262,2122,13,1,54.9
5263,2123,9,1,24.9
5264,2123,3,1,79.9
5265,2124,5,1,44.9
5266,2124,19,1,149.9
5267,2124,4,1,14.9
5268,2124,3,1,79.9
5269,2125,17,1,6.9
5270,2126,18,1,12.9
5271,2127,2,1,49.9
5272,2127,16,1,64.9
5273,2127,11,2,32.9
5274,2127,15,1,54.9
5275,2128,19,1,149.9
5276,2128,16,1,64.9
5277,2128,10,1,99.9
5278,2129,6,1,89.9
5279,2129,5,1,44.9
5280,2129,4,1,14.9
5281,2130,11,1,32.9
5282,2130,14,1,21.9
5283,2130,12,1,24.9
5284,2130,17,1,6.9
5285,2131,14,1,21.9
5286,2132,11,2,32.9
5287,2132,14,1,21.9
5288,2133,7,3,39.9
5289,2133,4,1,14.9
5290,2133,6,1,89.9
5291,2133,15,2,54.9
5292,2134,4,1,14.9
5293,2134,14,2,21.9
5294,2134,10,1,99.9
5295,2134,19,1,149.9
5296,2135,17,1,6.9
5297,2135,19,2,149.9
5298,2136,13,1,54.9
5299,2137,2,2,49.9
5300,2137,4,1,14.9
5301,2138,16,1,64.9
5302,2139,12,1,24.9
5303,2139,7,2,39.9
5304,2139,6,1,89.9
5305,2139,4,1,14.9
5306,2140,8,1,19.9
5307,2141,9,2,24.9
5308,2141,19,1,149.9
5309,2141,2,1,49.9
5310,2142,8,1,19.9
5311,2143,20,1,18.9
5312,2143,12,1,24.9
5313,2144,17,1,6.9
5314,2144,8,2,19.9
5315,2144,11,2,32.9
5316,2145,20,1,18.9
5317,2145,19,2,149.9
5318,2146,16,3,64.9
5319,2146,9,1,24.9
5320,2147,5,2,44.9
5321,2147,11,2,32.9
5322,2148,15,2,54.9
5323,2149,20,1,18.9
5324,2150,11,2,32.9
5325,2150,18,1,12.9
5326,2151,16,2,64.9
5327,2151,14,1,21.9
5328,2151,6,1,89.9
5329,2152,7,2,39.9
5330,2152,13,1,54.9
5331,2153,8,1,19.9
5332,2153,19,2,149.9
5333,2153,9,1,24.9
5334,2153,12,1,24.9
5335,2154,8,1,19.9
5336,2154,4,2,14.9
5337,2154,11,1,32.9
5338,2155,16,1,64.9
5339,2156,20,1,18.9
5340,2156,2,1,49.9
5341,2156,14,2,21.9
5342,2157,5,1,44.9
5343,2157,9,1,24.9
5344,2157,2,1,49.9
5345,2157,6,2,89.9
5346,2158,3,1,79.9
5347,2158,14,1,21.9
5348,2158,13,1,54.9
5349,2159,7,1,39.9
5350,2159,14,1,21.9
5351,2159,15,1,54.9
5352,2159,1,1,29.9
5353,2160,1,1,29.9
5354,2160,6,1,89.9
5355,2160,10,1,99.9
5356,2161,4,2,14.9
5357,2161,17,1,6.9
5358,2161,8,1,19.9
5359,2162,6,1,89.9
5360,2162,8,1,19.9
5361,2163,4,2,14.9
5362,2164,10,1,99.9
5363,2165,10,2,99.9
5364,2165,18,1,12.9
5365,2166,6,1,89.9
5366,2167,12,1,24.9
5367,2167,1,1,29.9
5368,2168,12,1,24.9
5369,2168,3,1,79.9
5370,2168,4,1,14.9
5371,2168,17,3,6.9
5372,2169,20,2,18.9
5373,2170,4,1,14.9
5374,2170,10,1,99.9
5375,2170,16,1,64.9
5376,2171,7,1,39.9
5377,2172,10,2,99.9
5378,2172,5,3,44.9
5379,2172,20,1,18.9
5380,2173,17,2,6.9
5381,2174,13,1,54.9
5382,2174,3,2,79.9
5383,2175,1,1,29.9
5384,2176,13,1,54.9
5385,2176,11,1,32.9
5386,2176,9,3,24.9
5387,2177,6,1,89.9
5388,2178,13,2,54.9
5389,2178,14,1,21.9
5390,2178,19,1,149.9
5391,2178,6,1,89.9
5392,2179,19,1,149.9
5393,2180,18,2,12.9
5394,2181,20,2,18.9
5395,2181,1,2,29.9
5396,2182,5,1,44.9
5397,2182,9,1,24.9
5398,2182,20,1,18.9
5399,2183,9,1,24.9
5400,2183,14,2,21.9
5401,2184,8,1,19.9
5402,2184,9,1,24.9
5403,2185,14,1,21.9
5404,2185,9,2,24.9
5405,2185,2,2,49.9
5406,2185,17,1,6.9
5407,2186,18,1,12.9
5408,2186,6,1,89.9
5409,2187,18,1,12.9
5410,2187,11,1,32.9
5411,2188,11,1,32.9
5412,2188,1,1,29.9
5413,2189,20,2,18.9
5414,2189,9,2,24.9
5415,2189,16,1,64.9
5416,2190,20,1,18.9
5417,2190,14,1,21.9
5418,2190,10,2,99.9
5419,2190,11,1,32.9
5420,2191,2,1,49.9
5421,2191,9,1,24.9
5422,2191,15,1,54.9
5423,2192,19,2,149.9
5424,2193,9,1,24.9
5425,2193,5,1,44.9
5426,2193,18,2,12.9
5427,2194,20,1,18.9
5428,2194,13,1,54.9
5429,2194,19,1,149.9
5430,2195,15,1,54.9
5431,2195,1,1,29.9
5432,2195,14,2,21.9
5433,2196,14,1,21.9
5434,2197,9,1,24.9
5435,2198,3,1,79.9
5436,2199,17,2,6.9
5437,2199,9,3,24.9
5438,2200,4,2,14.9
5439,2200,11,1,32.9
5440,2200,13,1,54.9
5441,2200,16,1,64.9
5442,2201,3,1,79.9
5443,2201,18,1,12.9
5444,2201,17,1,6.9
5445,2202,10,1,99.9
5446,2202,9,1,24.9
5447,2202,6,3,89.9
5448,2202,7,1,39.9
5449,2203,19,2,149.9
5450,2203,17,3,6.9
5451,2203,11,1,32.9
5452,2203,1,2,29.9
5453,2204,11,2,32.9
5454,2205,19,1,149.9
5455,2205,8,1,19.9
5456,2205,16,1,64.9
5457,2205,11,2,32.9
5458,2206,18,1,12.9
5459,2206,14,2,21.9
5460,2207,11,1,32.9
5461,2207,15,3,54.9
5462,2208,11,3,32.9
5463,2208,2,1,49.9
5464,2209,18,2,12.9
5465,2209,11,3,32.9
5466,2210,6,3,89.9
5467,2210,13,1,54.9
5468,2210,10,1,99.9
5469,2210,17,2,6.9
5470,2211,19,2,149.9
5471,2211,8,2,19.9
5472,2211,14,1,21.9
5473,2212,11,1,32.9
5474,2212,17,1,6.9
5475,2213,1,2,29.9
5476,2214,15,1,54.9
5477,2214,18,1,12.9
5478,2215,20,1,18.9
5479,2216,10,1,99.9
5480,2217,5,1,44.9
5481,2217,16,1,64.9
5482,2217,15,1,54.9
5483,2218,13,1,54.9
5484,2218,11,1,32.9
5485,2219,14,1,21.9
5486,2219,7,1,39.9
5487,2220,20,1,18.9
5488,2220,9,2,24.9
5489,2221,8,1,19.9
5490,2221,20,1,18.9
5491,2221,4,1,14.9
5492,2221,3,1,79.9
5493,2222,3,2,79.9
5494,2222,16,2,64.9
5495,2222,2,2,49.9
5496,2222,15,1,54.9
5497,2223,15,1,54.9
5498,2223,20,1,18.9
5499,2223,14,1,21.9
5500,2224,13,1,54.9
5501,2224,15,1,54.9
5502,2225,16,1,64.9
5503,2225,9,1,24.9
5504,2225,20,1,18.9
5505,2225,12,2,24.9
5506,2226,5,2,44.9
5507,2226,19,1,149.9
5508,2226,12,1,24.9
5509,2227,1,1,29.9
5510,2227,8,1,19.9
5511,2227,16,1,64.9
5512,2228,9,2,24.9
5513,2229,16,1,64.9
5514,2230,3,1,79.9
5515,2230,10,1,99.9
5516,2230,15,1,54.9
5517,2231,7,2,39.9
5518,2231,20,1,18.9
5519,2231,2,1,49.9
5520,2231,18,2,12.9
5521,2232,14,1,21.9
5522,2233,17,1,6.9
5523,2233,5,1,44.9
5524,2233,8,1,19.9
5525,2234,14,1,21.9
5526,2234,12,1,24.9
5527,2234,8,1,19.9
5528,2235,14,3,21.9
5529,2235,20,1,18.9
5530,2236,2,1,49.9
5531,2237,19,1,149.9
5532,2238,2,1,49.9
5533,2239,19,1,149.9
5534,2239,12,1,24.9
5535,2239,14,2,21.9
5536,2240,11,1,32.9
5537,2240,3,1,79.9
5538,2240,19,1,149.9
5539,2240,4,3,14.9
5540,2241,13,1,54.9
5541,2241,14,1,21.9
5542,2241,3,1,79.9
5543,2242,17,1,6.9
5544,2243,17,1,6.9
5545,2243,16,1,64.9
5546,2243,1,1,29.9
5547,2243,9,1,24.9
5548,2244,18,1,12.9
5549,2244,5,1,44.9
5550,2244,1,1,29.9
5551,2244,12,1,24.9
5552,2245,1,1,29.9
5553,2245,17,1,6.9
5554,2245,3,1,79.9
5555,2246,1,1,29.9
5556,2246,6,1,89.9
5557,2247,10,2,99.9
5558,2247,1,1,29.9
5559,2247,11,1,32.9
5560,2247,9,1,24.9
5561,2248,3,1,79.9
5562,2248,9,1,24.9
5563,2249,18,1,12.9
5564,2250,10,1,99.9
5565,2251,8,1,19.9
5566,2251,7,1,39.9
5567,2251,18,1,12.9
5568,2251,3,1,79.9
5569,2252,10,1,99.9
5570,2252,20,1,18.9
5571,2252,5,1,44.9
5572,2252,1,1,29.9
5573,2253,8,1,19.9
5574,2253,17,1,6.9
5575,2254,3,1,79.9
5576,2254,18,2,12.9
5577,2254,14,2,21.9
5578,2255,10,3,99.9
5579,2255,4,2,14.9
5580,2255,7,1,39.9
5581,2255,3,1,79.9
5582,2256,5,1,44.9
5583,2257,7,2,39.9
5584,2257,9,1,24.9
5585,2257,14,1,21.9
5586,2258,20,2,18.9
5587,2258,17,1,6.9
5588,2259,4,1,14.9
5589,2259,16,1,64.9
5590,2260,19,1,149.9
5591,2261,6,3,89.9
5592,2262,11,1,32.9
5593,2262,12,1,24.9
5594,2262,17,1,6.9
5595,2262,4,1,14.9
5596,2263,4,1,14.9
5597,2263,19,1,149.9
5598,2264,18,2,12.9
5599,2265,2,3,49.9
5600,2266,9,2,24.9
5601,2267,9,1,24.9
5602,2267,5,3,44.9
5603,2268,10,1,99.9
5604,2268,6,1,89.9
5605,2269,19,3,149.9
5606,2269,15,2,54.9
5607,2269,8,2,19.9
5608,2270,6,1,89.9
5609,2271,5,1,44.9
5610,2271,16,3,64.9
5611,2271,7,1,39.9
5612,2272,3,1,79.9
5613,2272,7,1,39.9
5614,2272,8,1,19.9
5615,2272,20,2,18.9
5616,2273,11,1,32.9
5617,2274,2,1,49.9
5618,2274,10,1,99.9
5619,2275,4,2,14.9
5620,2276,12,1,24.9
5621,2276,18,1,12.9
5622,2276,10,2,99.9
5623,2276,11,1,32.9
5624,2277,11,2,32.9
5625,2277,10,1,99.9
5626,2277,4,1,14.9
5627,2278,5,1,44.9
5628,2279,11,1,32.9
5629,2279,5,1,44.9
5630,2279,2,2,49.9
5631,2280,1,1,29.9
5632,2281,13,3,54.9
5633,2282,20,2,18.9
5634,2282,3,2,79.9
5635,2282,1,2,29.9
5636,2282,2,1,49.9
5637,2283,6,1,89.9
5638,2283,9,1,24.9
5639,2284,18,2,12.9
5640,2284,5,1,44.9
5641,2284,14,1,21.9
5642,2284,17,2,6.9
5643,2285,13,2,54.9
5644,2285,6,1,89.9
5645,2285,20,1,18.9
5646,2286,1,1,29.9
5647,2286,17,1,6.9
5648,2287,1,1,29.9
5649,2288,5,1,44.9
5650,2288,12,2,24.9
5651,2289,2,1,49.9
5652,2289,7,3,39.9
5653,2289,6,1,89.9
5654,2289,5,2,44.9
5655,2290,18,1,12.9
5656,2290,11,1,32.9
5657,2290,16,1,64.9
5658,2291,4,1,14.9
5659,2291,5,1,44.9
5660,2291,12,1,24.9
5661,2291,3,1,79.9
5662,2292,5,2,44.9
5663,2293,1,1,29.9
5664,2293,13,1,54.9
5665,2293,2,2,49.9
5666,2293,10,1,99.9
5667,2294,14,2,21.9
5668,2295,16,3,64.9
5669,2295,9,1,24.9
5670,2295,15,3,54.9
5671,2296,2,1,49.9
5672,2296,19,1,149.9
5673,2296,1,1,29.9
5674,2297,14,1,21.9
5675,2297,13,1,54.9
5676,2297,9,1,24.9
5677,2298,14,1,21.9
5678,2298,5,1,44.9
5679,2298,8,1,19.9
5680,2299,13,1,54.9
5681,2299,12,1,24.9
5682,2299,14,3,21.9
5683,2299,8,1,19.9
5684,2300,5,1,44.9
5685,2300,19,1,149.9
5686,2301,7,1,39.9
5687,2302,9,1,24.9
5688,2303,15,1,54.9
5689,2303,3,1,79.9
5690,2303,1,1,29.9
5691,2304,17,1,6.9
5692,2304,19,1,149.9
5693,2304,11,3,32.9
5694,2305,10,1,99.9
5695,2305,3,2,79.9
5696,2305,4,1,14.9
5697,2306,8,1,19.9
5698,2306,10,1,99.9
5699,2306,15,1,54.9
5700,2307,14,1,21.9
5701,2308,19,1,149.9
5702,2309,5,1,44.9
5703,2309,13,2,54.9
5704,2310,17,2,6.9
5705,2310,20,1,18.9
5706,2310,13,2,54.9
5707,2311,13,1,54.9
5708,2311,5,1,44.9
5709,2311,6,1,89.9
5710,2312,6,2,89.9
5711,2312,17,1,6.9
5712,2313,4,1,14.9
5713,2314,8,1,19.9
5714,2314,12,1,24.9
5715,2315,14,1,21.9
5716,2315,18,2,12.9
5717,2315,10,1,99.9
5718,2316,16,1,64.9
5719,2316,17,2,6.9
5720,2316,1,1,29.9
5721,2316,13,3,54.9
5722,2317,19,1,149.9
5723,2317,11,1,32.9
5724,2317,16,1,64.9
5725,2318,3,1,79.9
5726,2318,16,1,64.9
5727,2319,20,1,18.9
5728,2319,6,1,89.9
5729,2319,17,1,6.9
5730,2320,9,3,24.9
5731,2320,3,1,79.9
5732,2320,19,2,149.9
5733,2320,10,2,99.9
5734,2321,15,2,54.9
5735,2321,11,1,32.9
5736,2321,4,1,14.9
5737,2321,18,1,12.9
5738,2322,20,2,18.9
5739,2322,14,1,21.9
5740,2322,12,1,24.9
5741,2323,10,1,99.9
5742,2323,4,1,14.9
5743,2323,13,2,54.9
5744,2323,15,1,54.9
5745,2324,19,3,149.9
5746,2325,17,2,6.9
5747,2325,6,1,89.9
5748,2325,2,1,49.9
5749,2326,3,2,79.9
5750,2327,19,1,149.9
5751,2327,16,1,64.9
5752,2327,5,1,44.9
5753,2328,18,2,12.9
5754,2328,7,1,39.9
5755,2328,10,1,99.9
5756,2329,18,1,12.9
5757,2329,2,1,49.9
5758,2329,17,3,6.9
5759,2329,9,2,24.9
5760,2330,9,1,24.9
5761,2331,7,1,39.9
5762,2331,10,1,99.9
5763,2332,8,1,19.9
5764,2332,15,2,54.9
5765,2332,20,1,18.9
5766,2333,4,1,14.9
5767,2333,12,2,24.9
5768,2333,11,1,32.9
5769,2333,9,1,24.9
5770,2334,2,2,49.9
5771,2334,14,2,21.9
5772,2334,16,1,64.9
5773,2334,9,1,24.9
5774,2335,5,1,44.9
5775,2335,2,1,49.9
5776,2335,11,2,32.9
5777,2335,7,1,39.9
5778,2336,4,1,14.9
5779,2337,17,1,6.9
5780,2337,12,1,24.9
5781,2338,17,1,6.9
5782,2338,12,1,24.9
5783,2339,12,3,24.9
5784,2340,18,2,12.9
5785,2340,8,1,19.9
5786,2341,11,1,32.9
5787,2341,20,1,18.9
5788,2341,18,1,12.9
5789,2341,5,1,44.9
5790,2342,13,1,54.9
5791,2342,16,1,64.9
5792,2342,17,1,6.9
5793,2343,16,2,64.9
5794,2344,19,1,149.9
5795,2345,20,1,18.9
5796,2346,16,1,64.9
5797,2346,12,1,24.9
5798,2346,19,1,149.9
5799,2346,3,1,79.9
5800,2347,20,1,18.9
5801,2347,6,1,89.9
5802,2347,11,2,32.9
5803,2348,17,1,6.9
5804,2348,8,1,19.9
5805,2349,9,1,24.9
5806,2349,15,2,54.9
5807,2349,19,1,149.9
5808,2349,14,1,21.9
5809,2350,12,1,24.9
5810,2351,7,3,39.9
5811,2351,10,1,99.9
5812,2351,8,1,19.9
5813,2352,4,3,14.9
5814,2352,11,1,32.9
5815,2352,14,2,21.9
5816,2352,6,1,89.9
5817,2353,16,1,64.9
5818,2354,10,1,99.9
5819,2354,4,1,14.9
5820,2355,15,1,54.9
5821,2355,4,2,14.9
5822,2355,2,1,49.9
5823,2355,18,1,12.9
5824,2356,10,1,99.9
5825,2356,9,1,24.9
5826,2357,18,1,12.9
5827,2357,16,2,64.9
5828,2357,5,1,44.9
5829,2358,13,1,54.9
5830,2358,9,1,24.9
5831,2358,4,3,14.9
5832,2359,10,2,99.9
5833,2359,4,1,14.9
5834,2359,13,1,54.9
5835,2359,11,1,32.9
5836,2360,8,1,19.9
5837,2360,5,3,44.9
5838,2361,18,1,12.9
5839,2361,1,1,29.9
5840,2361,12,2,24.9
5841,2362,17,1,6.9
5842,2362,4,1,14.9
5843,2362,14,2,21.9
5844,2363,4,1,14.9
5845,2363,7,1,39.9
5846,2363,14,1,21.9
5847,2364,15,1,54.9
5848,2364,1,1,29.9
5849,2364,10,1,99.9
5850,2365,4,1,14.9
5851,2365,9,2,24.9
5852,2365,16,1,64.9
5853,2365,18,3,12.9
5854,2366,18,1,12.9
5855,2367,19,1,149.9
5856,2367,11,1,32.9
5857,2367,2,2,49.9
5858,2368,13,1,54.9
5859,2368,2,1,49.9
5860,2368,4,2,14.9
5861,2369,1,1,29.9
5862,2370,20,2,18.9
5863,2370,1,1,29.9
5864,2370,2,1,49.9
5865,2371,15,1,54.9
5866,2371,19,1,149.9
5867,2371,9,1,24.9
5868,2371,2,2,49.9
5869,2372,11,2,32.9
5870,2372,4,1,14.9
5871,2372,13,1,54.9
5872,2373,19,2,149.9
5873,2373,8,2,19.9
5874,2373,18,1,12.9
5875,2374,8,1,19.9
5876,2374,12,1,24.9
5877,2374,7,2,39.9
5878,2374,14,2,21.9
5879,2375,2,1,49.9
5880,2375,16,1,64.9
5881,2375,20,1,18.9
5882,2375,15,2,54.9
5883,2376,8,2,19.9
5884,2376,12,2,24.9
5885,2377,3,1,79.9
5886,2378,20,1,18.9
5887,2379,6,3,89.9
5888,2379,16,1,64.9
5889,2379,10,1,99.9
5890,2380,11,1,32.9
5891,2380,16,1,64.9
5892,2381,15,3,54.9
5893,2381,3,1,79.9
5894,2381,9,2,24.9
5895,2381,17,3,6.9
5896,2382,2,2,49.9
5897,2383,12,2,24.9
5898,2383,14,1,21.9
5899,2384,13,1,54.9
5900,2384,1,3,29.9
5901,2385,6,2,89.9
5902,2385,14,1,21.9
5903,2385,8,1,19.9
5904,2386,3,2,79.9
5905,2386,5,1,44.9
5906,2386,17,1,6.9
5907,2387,3,2,79.9
5908,2388,7,1,39.9
5909,2388,6,1,89.9
5910,2389,11,2,32.9
5911,2389,6,1,89.9
5912,2390,19,1,149.9
5913,2391,11,1,32.9
5914,2391,10,2,99.9
5915,2392,15,1,54.9
5916,2392,9,1,24.9
5917,2392,19,1,149.9
5918,2393,11,2,32.9
5919,2393,9,1,24.9
5920,2393,10,1,99.9
5921,2394,3,2,79.9
5922,2394,7,1,39.9
5923,2394,13,3,54.9
5924,2395,5,1,44.9
5925,2395,2,1,49.9
5926,2395,7,1,39.9
5927,2396,15,1,54.9
5928,2396,14,2,21.9
5929,2397,16,1,64.9
5930,2397,3,1,79.9
5931,2397,9,1,24.9
5932,2398,9,1,24.9
5933,2399,7,1,39.9
5934,2399,8,3,19.9
5935,2400,4,1,14.9
5936,2401,18,2,12.9
5937,2401,7,1,39.9
5938,2402,17,1,6.9
5939,2403,10,1,99.9
5940,2403,15,1,54.9
5941,2403,16,1,64.9
5942,2403,2,1,49.9
5943,2404,4,1,14.9
5944,2404,18,1,12.9
5945,2404,8,1,19.9
5946,2404,15,1,54.9
5947,2405,3,1,79.9
5948,2405,14,1,21.9
5949,2405,6,1,89.9
5950,2405,4,2,14.9
5951,2406,18,1,12.9
5952,2406,2,2,49.9
5953,2406,10,1,99.9
5954,2406,4,1,14.9
5955,2407,13,1,54.9
5956,2407,10,2,99.9
5957,2408,20,1,18.9
5958,2408,14,1,21.9
5959,2408,15,1,54.9
5960,2409,11,1,32.9
5961,2410,20,1,18.9
5962,2410,1,2,29.9
5963,2411,19,1,149.9
5964,2412,1,1,29.9
5965,2412,8,1,19.9
5966,2412,10,1,99.9
5967,2412,5,3,44.9
5968,2413,2,1,49.9
5969,2413,4,1,14.9
5970,2413,18,1,12.9
5971,2413,3,1,79.9
5972,2414,19,1,149.9
5973,2414,13,1,54.9
5974,2415,6,2,89.9
5975,2415,4,1,14.9
5976,2415,11,1,32.9
5977,2416,5,2,44.9
5978,2416,11,1,32.9
5979,2416,6,1,89.9
5980,2416,13,1,54.9
5981,2417,18,1,12.9
5982,2418,12,1,24.9
5983,2418,9,2,24.9
5984,2418,17,1,6.9
5985,2418,1,1,29.9
5986,2419,18,2,12.9
5987,2419,8,1,19.9
5988,2419,17,2,6.9
5989,2420,1,1,29.9
5990,2421,8,1,19.9
5991,2421,11,2,32.9
5992,2421,3,1,79.9
5993,2421,16,1,64.9
5994,2422,4,1,14.9
5995,2422,1,1,29.9
5996,2422,6,2,89.9
5997,2423,5,2,44.9
5998,2424,7,1,39.9
5999,2424,3,1,79.9
6000,2425,19,1,149.9
6001,2425,20,2,18.9
6002,2425,1,1,29.9
6003,2425,8,1,19.9
6004,2426,3,1,79.9
6005,2426,16,1,64.9
6006,2426,1,1,29.9
6007,2426,7,1,39.9
6008,2427,3,2,79.9
6009,2427,5,1,44.9
6010,2427,9,1,24.9
6011,2428,13,1,54.9
6012,2429,18,1,12.9
6013,2429,19,1,149.9
6014,2430,18,2,12.9
6015,2430,9,1,24.9
6016,2430,4,1,14.9
6017,2430,15,1,54.9
6018,2431,1,1,29.9
6019,2432,10,2,99.9
6020,2432,11,1,32.9
6021,2433,8,1,19.9
6022,2433,3,1,79.9
6023,2433,16,1,64.9
6024,2433,20,2,18.9
6025,2434,11,1,32.9
6026,2434,16,1,64.9
6027,2434,9,1,24.9
6028,2434,20,2,18.9
6029,2435,19,1,149.9
6030,2436,7,3,39.9
6031,2436,4,1,14.9
6032,2436,18,2,12.9
6033,2436,3,2,79.9
6034,2437,16,1,64.9
6035,2437,2,2,49.9
6036,2438,19,1,149.9
6037,2438,10,1,99.9
6038,2438,16,1,64.9
6039,2439,19,2,149.9
6040,2439,16,1,64.9
6041,2439,13,1,54.9
6042,2439,10,1,99.9
6043,2440,15,1,54.9
6044,2440,5,1,44.9
6045,2440,17,1,6.9
6046,2441,10,1,99.9
6047,2441,17,2,6.9
6048,2442,7,1,39.9
6049,2443,13,1,54.9
6050,2443,17,1,6.9
6051,2443,12,1,24.9
6052,2444,14,1,21.9
6053,2444,3,1,79.9
6054,2445,18,2,12.9
6055,2445,16,2,64.9
6056,2445,2,1,49.9
6057,2445,15,1,54.9
6058,2446,7,1,39.9
6059,2447,5,1,44.9
6060,2447,13,1,54.9
6061,2447,8,1,19.9
6062,2447,16,2,64.9
6063,2448,3,2,79.9
6064,2448,20,3,18.9
6065,2448,2,1,49.9
6066,2448,15,1,54.9
6067,2449,6,1,89.9
6068,2449,20,2,18.9
6069,2449,2,2,49.9
6070,2449,14,1,21.9
6071,2450,8,1,19.9
6072,2450,7,2,39.9
6073,2451,5,1,44.9
6074,2452,9,1,24.9
6075,2452,20,2,18.9
6076,2453,13,1,54.9
6077,2454,8,1,19.9
6078,2454,1,1,29.9
6079,2454,13,1,54.9
6080,2455,18,1,12.9
6081,2455,13,1,54.9
6082,2455,11,1,32.9
6083,2455,5,1,44.9
6084,2456,2,2,49.9
6085,2457,9,1,24.9
6086,2457,17,1,6.9
6087,2457,18,2,12.9
6088,2458,8,3,19.9
6089,2458,4,1,14.9
6090,2458,19,2,149.9
6091,2459,9,1,24.9
6092,2460,10,2,99.9
6093,2460,5,1,44.9
6094,2460,17,3,6.9
6095,2461,10,2,99.9
6096,2461,5,1,44.9
6097,2461,12,2,24.9
6098,2461,11,3,32.9
6099,2462,18,1,12.9
6100,2462,13,1,54.9
6101,2462,1,3,29.9
6102,2462,6,1,89.9
6103,2463,3,1,79.9
6104,2463,16,2,64.9
6105,2464,18,2,12.9
6106,2464,13,3,54.9
6107,2464,14,2,21.9
6108,2465,18,1,12.9
6109,2465,16,2,64.9
6110,2466,17,1,6.9
6111,2466,16,2,64.9
6112,2467,9,2,24.9
6113,2468,19,1,149.9
6114,2468,12,2,24.9
6115,2468,14,1,21.9
6116,2469,10,1,99.9
6117,2469,20,1,18.9
6118,2469,4,1,14.9
6119,2469,14,1,21.9
6120,2470,16,1,64.9
6121,2471,3,1,79.9
6122,2471,2,1,49.9
6123,2471,6,1,89.9
6124,2472,1,1,29.9
6125,2472,5,1,44.9
6126,2473,3,1,79.9
6127,2474,12,1,24.9
6128,2474,10,1,99.9
6129,2474,20,1,18.9
6130,2474,9,1,24.9
6131,2475,2,2,49.9
6132,2476,13,2,54.9
6133,2476,14,1,21.9
6134,2476,5,1,44.9
6135,2477,12,1,24.9
6136,2478,9,1,24.9
6137,2478,20,1,18.9
6138,2478,6,1,89.9
6139,2478,2,1,49.9
6140,2479,10,1,99.9
6141,2479,18,1,12.9
6142,2479,7,1,39.9
6143,2480,5,1,44.9
6144,2480,8,1,19.9
6145,2480,18,1,12.9
6146,2480,7,1,39.9
6147,2481,9,1,24.9
6148,2482,8,1,19.9
6149,2482,5,1,44.9
6150,2483,17,1,6.9
6151,2483,4,1,14.9
6152,2483,15,1,54.9
6153,2484,16,1,64.9
6154,2484,20,1,18.9
6155,2484,5,1,44.9
6156,2484,1,1,29.9
6157,2485,18,1,12.9
6158,2485,12,1,24.9
6159,2486,19,2,149.9
6160,2486,15,2,54.9
6161,2487,16,1,64.9
6162,2487,19,1,149.9
6163,2488,11,1,32.9
6164,2489,11,1,32.9
6165,2489,4,1,14.9
6166,2489,3,1,79.9
6167,2490,3,2,79.9
6168,2490,10,1,99.9
6169,2490,6,2,89.9
6170,2490,1,1,29.9
6171,2491,10,2,99.9
6172,2492,18,1,12.9
6173,2492,15,1,54.9
6174,2492,8,1,19.9
6175,2493,17,2,6.9
6176,2494,3,1,79.9
6177,2494,6,1,89.9
6178,2495,15,1,54.9
6179,2495,8,2,19.9
6180,2495,14,1,21.9
6181,2495,20,1,18.9
6182,2496,7,1,39.9
6183,2496,11,1,32.9
6184,2496,10,1,99.9
6185,2497,12,2,24.9
6186,2497,16,2,64.9
6187,2497,4,2,14.9
6188,2497,11,1,32.9
6189,2498,6,1,89.9
6190,2499,8,1,19.9
6191,2500,10,1,99.9
